country,year,sex,e0
AUS,1921,female,63.18
AUS,1921,male,59.1
AUS,1922,female,65.11
AUS,1922,male,60.88
AUS,1923,female,63.66
AUS,1923,male,59.98
AUS,1924,female,64.51
AUS,1924,male,60.77
AUS,1925,female,65.38
AUS,1925,male,61.3
AUS,1926,female,65.07
AUS,1926,male,60.99
AUS,1927,female,64.85
AUS,1927,male,61.1
AUS,1928,female,64.72
AUS,1928,male,61.33
AUS,1929,female,65.39
AUS,1929,male,61.1
AUS,1930,female,66.9
AUS,1930,male,63.15
AUS,1931,female,67.33
AUS,1931,male,63.55
AUS,1932,female,67.6
AUS,1932,male,63.83
AUS,1933,female,67.46
AUS,1933,male,63.65
AUS,1934,female,66.69
AUS,1934,male,63.09
AUS,1935,female,67.17
AUS,1935,male,63.18
AUS,1936,female,67.2
AUS,1936,male,63.38
AUS,1937,female,67.96
AUS,1937,male,63.76
AUS,1938,female,67.93
AUS,1938,male,63.8
AUS,1939,female,68.06
AUS,1939,male,63.64
AUS,1940,female,68.64
AUS,1940,male,63.93
AUS,1941,female,68.23
AUS,1941,male,64.05
AUS,1942,female,67.89
AUS,1942,male,63.89
AUS,1943,female,68.25
AUS,1943,male,64.57
AUS,1944,female,69.79
AUS,1944,male,66.25
AUS,1945,female,70.28
AUS,1945,male,66.62
AUS,1946,female,70.15
AUS,1946,male,65.87
AUS,1947,female,70.96
AUS,1947,male,66.28
AUS,1948,female,71
AUS,1948,male,66.14
AUS,1949,female,71.78
AUS,1949,male,66.64
AUS,1950,female,71.72
AUS,1950,male,66.51
AUS,1951,female,71.59
AUS,1951,male,66.08
AUS,1952,female,72.04
AUS,1952,male,66.45
AUS,1953,female,72.56
AUS,1953,male,67.06
AUS,1954,female,72.79
AUS,1954,male,67.18
AUS,1955,female,73.25
AUS,1955,male,67.34
AUS,1956,female,73.05
AUS,1956,male,67.29
AUS,1957,female,73.46
AUS,1957,male,67.45
AUS,1958,female,74.02
AUS,1958,male,67.96
AUS,1959,female,73.74
AUS,1959,male,67.44
AUS,1960,female,74.05
AUS,1960,male,67.95
AUS,1961,female,74.52
AUS,1961,male,68.04
AUS,1962,female,74.29
AUS,1962,male,67.82
AUS,1963,female,74.3
AUS,1963,male,67.9
AUS,1964,female,73.97
AUS,1964,male,67.48
AUS,1965,female,74.24
AUS,1965,male,67.66
AUS,1966,female,74.07
AUS,1966,male,67.57
AUS,1967,female,74.56
AUS,1967,male,67.83
AUS,1968,female,74.23
AUS,1968,male,67.46
AUS,1969,female,74.69
AUS,1969,male,67.76
AUS,1970,female,74.18
AUS,1970,male,67.43
AUS,1971,female,74.9
AUS,1971,male,68.25
AUS,1972,female,75.31
AUS,1972,male,68.48
AUS,1973,female,75.71
AUS,1973,male,68.68
AUS,1974,female,75.5
AUS,1974,male,68.47
AUS,1975,female,76.41
AUS,1975,male,69.37
AUS,1976,female,76.41
AUS,1976,male,69.4
AUS,1977,female,77.06
AUS,1977,male,70.07
AUS,1978,female,77.33
AUS,1978,male,70.33
AUS,1979,female,77.99
AUS,1979,male,70.85
AUS,1980,female,78.22
AUS,1980,male,71.09
AUS,1981,female,78.43
AUS,1981,male,71.3
AUS,1982,female,78.29
AUS,1982,male,71.31
AUS,1983,female,78.82
AUS,1983,male,72.15
AUS,1984,female,78.84
AUS,1984,male,72.27
AUS,1985,female,78.67
AUS,1985,male,72.28
AUS,1986,female,79.31
AUS,1986,male,72.9
AUS,1987,female,79.34
AUS,1987,male,72.92
AUS,1988,female,79.6
AUS,1988,male,73.18
AUS,1989,female,79.38
AUS,1989,male,73.11
AUS,1990,female,80.15
AUS,1990,male,73.98
AUS,1991,female,80.49
AUS,1991,male,74.49
AUS,1992,female,80.48
AUS,1992,male,74.5
AUS,1993,female,80.99
AUS,1993,male,75.04
AUS,1994,female,80.82
AUS,1994,male,74.92
AUS,1995,female,81.13
AUS,1995,male,75.39
AUS,1996,female,81.26
AUS,1996,male,75.45
AUS,1997,female,81.38
AUS,1997,male,75.87
AUS,1998,female,81.86
AUS,1998,male,76.18
AUS,1999,female,82.04
AUS,1999,male,76.5
AUS,2000,female,82.27
AUS,2000,male,76.95
AUS,2001,female,82.61
AUS,2001,male,77.38
AUS,2002,female,82.54
AUS,2002,male,77.54
AUS,2003,female,82.91
AUS,2003,male,77.94
AUS,2004,female,83.17
AUS,2004,male,78.27
AUS,2005,female,83.47
AUS,2005,male,78.67
AUS,2006,female,83.58
AUS,2006,male,78.91
AUS,2007,female,83.53
AUS,2007,male,78.91
AUS,2008,female,83.7
AUS,2008,male,79.14
AUS,2009,female,84
AUS,2009,male,79.44
AUS,2010,female,84.2
AUS,2010,male,79.8
AUS,2011,female,84.25
AUS,2011,male,79.91
AUS,2012,female,84.3
AUS,2012,male,80.26
AUS,2013,female,84.61
AUS,2013,male,80.46
AUS,2014,female,84.49
AUS,2014,male,80.52
AUS,2015,female,84.62
AUS,2015,male,80.56
AUS,2016,female,84.85
AUS,2016,male,80.75
AUS,2017,female,84.74
AUS,2017,male,80.68
AUS,2018,female,85.29
AUS,2018,male,81.21
AUS,2019,female,85.27
AUS,2019,male,81.2
AUS,2020,female,85.69
AUS,2020,male,81.63
AUS,2021,female,85.45
AUS,2021,male,81.5
AUT,1947,female,64.01
AUT,1947,male,58.95
AUT,1948,female,65.77
AUT,1948,male,60.53
AUT,1949,female,65.77
AUT,1949,male,61.02
AUT,1950,female,67.28
AUT,1950,male,62.18
AUT,1951,female,67.81
AUT,1951,male,62.48
AUT,1952,female,69.23
AUT,1952,male,64.09
AUT,1953,female,69.71
AUT,1953,male,64.61
AUT,1954,female,69.88
AUT,1954,male,64.49
AUT,1955,female,70.36
AUT,1955,male,64.56
AUT,1956,female,70.54
AUT,1956,male,64.63
AUT,1957,female,70.51
AUT,1957,male,64.21
AUT,1958,female,71.37
AUT,1958,male,65.33
AUT,1959,female,71.39
AUT,1959,male,65.19
AUT,1960,female,71.9
AUT,1960,male,65.39
AUT,1961,female,72.77
AUT,1961,male,66.41
AUT,1962,female,72.48
AUT,1962,male,66.28
AUT,1963,female,72.66
AUT,1963,male,66.4
AUT,1964,female,73.19
AUT,1964,male,66.78
AUT,1965,female,72.99
AUT,1965,male,66.6
AUT,1966,female,73.34
AUT,1966,male,66.84
AUT,1967,female,73.37
AUT,1967,male,66.62
AUT,1968,female,73.52
AUT,1968,male,66.76
AUT,1969,female,73.27
AUT,1969,male,66.56
AUT,1970,female,73.42
AUT,1970,male,66.51
AUT,1971,female,73.67
AUT,1971,male,66.66
AUT,1972,female,74.02
AUT,1972,male,66.95
AUT,1973,female,74.57
AUT,1973,male,67.54
AUT,1974,female,74.62
AUT,1974,male,67.44
AUT,1975,female,74.7
AUT,1975,male,67.66
AUT,1976,female,75.06
AUT,1976,male,68.19
AUT,1977,female,75.44
AUT,1977,male,68.5
AUT,1978,female,75.65
AUT,1978,male,68.44
AUT,1979,female,75.97
AUT,1979,male,68.78
AUT,1980,female,76.04
AUT,1980,male,68.95
AUT,1981,female,76.38
AUT,1981,male,69.26
AUT,1982,female,76.58
AUT,1982,male,69.37
AUT,1983,female,76.59
AUT,1983,male,69.5
AUT,1984,female,77.18
AUT,1984,male,70
AUT,1985,female,77.3
AUT,1985,male,70.32
AUT,1986,female,77.65
AUT,1986,male,70.89
AUT,1987,female,78.03
AUT,1987,male,71.39
AUT,1988,female,78.52
AUT,1988,male,71.85
AUT,1989,female,78.66
AUT,1989,male,71.9
AUT,1990,female,78.87
AUT,1990,male,72.23
AUT,1991,female,78.98
AUT,1991,male,72.26
AUT,1992,female,79.14
AUT,1992,male,72.5
AUT,1993,female,79.34
AUT,1993,male,72.76
AUT,1994,female,79.64
AUT,1994,male,73.12
AUT,1995,female,79.95
AUT,1995,male,73.29
AUT,1996,female,80.08
AUT,1996,male,73.66
AUT,1997,female,80.54
AUT,1997,male,74.02
AUT,1998,female,80.81
AUT,1998,male,74.44
AUT,1999,female,80.83
AUT,1999,male,74.78
AUT,2000,female,81.09
AUT,2000,male,75.09
AUT,2001,female,81.56
AUT,2001,male,75.58
AUT,2002,female,81.66
AUT,2002,male,75.77
AUT,2003,female,81.54
AUT,2003,male,75.91
AUT,2004,female,82.09
AUT,2004,male,76.39
AUT,2005,female,82.2
AUT,2005,male,76.61
AUT,2006,female,82.63
AUT,2006,male,77.07
AUT,2007,female,82.83
AUT,2007,male,77.29
AUT,2008,female,82.95
AUT,2008,male,77.58
AUT,2009,female,82.85
AUT,2009,male,77.4
AUT,2010,female,83.13
AUT,2010,male,77.66
AUT,2011,female,83.43
AUT,2011,male,78.07
AUT,2012,female,83.29
AUT,2012,male,78.26
AUT,2013,female,83.56
AUT,2013,male,78.46
AUT,2014,female,83.73
AUT,2014,male,78.91
AUT,2015,female,83.58
AUT,2015,male,78.63
AUT,2016,female,83.93
AUT,2016,male,79.14
AUT,2017,female,83.89
AUT,2017,male,79.28
AUT,2018,female,84
AUT,2018,male,79.3
AUT,2019,female,84.2
AUT,2019,male,79.54
AUT,2020,female,83.73
AUT,2020,male,78.93
AUT,2021,female,83.74
AUT,2021,male,78.79
AUT,2022,female,83.77
AUT,2022,male,79.05
AUT,2023,female,84.22
AUT,2023,male,79.44
BEL,1841,female,40.36
BEL,1841,male,40.32
BEL,1842,female,38.54
BEL,1842,male,38.79
BEL,1843,female,40.26
BEL,1843,male,40.5
BEL,1844,female,41.75
BEL,1844,male,42.05
BEL,1845,female,40.79
BEL,1845,male,41.27
BEL,1846,female,38.21
BEL,1846,male,37.48
BEL,1847,female,35.84
BEL,1847,male,34.43
BEL,1848,female,37.91
BEL,1848,male,38.17
BEL,1849,female,34.53
BEL,1849,male,34.49
BEL,1850,female,42.13
BEL,1850,male,42.46
BEL,1851,female,41.76
BEL,1851,male,42.04
BEL,1852,female,41.72
BEL,1852,male,41.89
BEL,1853,female,41.35
BEL,1853,male,41.35
BEL,1854,female,40.09
BEL,1854,male,39.47
BEL,1855,female,37.84
BEL,1855,male,37.09
BEL,1856,female,41.14
BEL,1856,male,40.69
BEL,1857,female,40.65
BEL,1857,male,40.3
BEL,1858,female,40.67
BEL,1858,male,39.7
BEL,1859,female,39.49
BEL,1859,male,38.46
BEL,1860,female,45.72
BEL,1860,male,44.5
BEL,1861,female,41.79
BEL,1861,male,40.74
BEL,1862,female,43.62
BEL,1862,male,42.6
BEL,1863,female,41.88
BEL,1863,male,40.73
BEL,1864,female,40.21
BEL,1864,male,39.41
BEL,1865,female,38.39
BEL,1865,male,37.11
BEL,1866,female,33.3
BEL,1866,male,31.69
BEL,1867,female,44.08
BEL,1867,male,42.06
BEL,1868,female,43.53
BEL,1868,male,41.62
BEL,1869,female,43.3
BEL,1869,male,41.91
BEL,1870,female,41.75
BEL,1870,male,40.14
BEL,1871,female,35.22
BEL,1871,male,33.55
BEL,1872,female,41.02
BEL,1872,male,39.1
BEL,1873,female,44.68
BEL,1873,male,42.38
BEL,1874,female,45.82
BEL,1874,male,43.6
BEL,1875,female,43.4
BEL,1875,male,41.02
BEL,1876,female,44.88
BEL,1876,male,42.54
BEL,1877,female,45.75
BEL,1877,male,43.29
BEL,1878,female,45.62
BEL,1878,male,42.93
BEL,1879,female,45.18
BEL,1879,male,42.57
BEL,1880,female,44.01
BEL,1880,male,41.08
BEL,1881,female,45.92
BEL,1881,male,43.01
BEL,1882,female,47.08
BEL,1882,male,44.12
BEL,1883,female,46.45
BEL,1883,male,43.46
BEL,1884,female,45.72
BEL,1884,male,42.83
BEL,1885,female,46.95
BEL,1885,male,44.08
BEL,1886,female,44.92
BEL,1886,male,41.88
BEL,1887,female,47.76
BEL,1887,male,44.45
BEL,1888,female,46.81
BEL,1888,male,43.15
BEL,1889,female,46.79
BEL,1889,male,43.46
BEL,1890,female,46.12
BEL,1890,male,42.3
BEL,1891,female,45.88
BEL,1891,male,42.33
BEL,1892,female,44.82
BEL,1892,male,41.62
BEL,1893,female,46.05
BEL,1893,male,42.92
BEL,1894,female,48.69
BEL,1894,male,44.73
BEL,1895,female,47.23
BEL,1895,male,43.83
BEL,1896,female,49.77
BEL,1896,male,46.47
BEL,1897,female,50.59
BEL,1897,male,47.19
BEL,1898,female,50.04
BEL,1898,male,46.31
BEL,1899,female,48.23
BEL,1899,male,44.87
BEL,1900,female,48.51
BEL,1900,male,44.98
BEL,1901,female,51.21
BEL,1901,male,47.76
BEL,1902,female,50.82
BEL,1902,male,47.54
BEL,1903,female,51.01
BEL,1903,male,47.56
BEL,1904,female,50.84
BEL,1904,male,47.76
BEL,1905,female,51.68
BEL,1905,male,48.46
BEL,1906,female,51.34
BEL,1906,male,48.07
BEL,1907,female,52.78
BEL,1907,male,49.44
BEL,1908,female,51.38
BEL,1908,male,48.13
BEL,1909,female,52.4
BEL,1909,male,48.99
BEL,1910,female,52.99
BEL,1910,male,49.7
BEL,1911,female,51.12
BEL,1911,male,47.54
BEL,1912,female,54.08
BEL,1912,male,50.5
BEL,1913,female,54.37
BEL,1913,male,50.62
BEL,1914,female,NA
BEL,1914,male,NA
BEL,1915,female,NA
BEL,1915,male,NA
BEL,1916,female,NA
BEL,1916,male,NA
BEL,1917,female,NA
BEL,1917,male,NA
BEL,1918,female,NA
BEL,1918,male,NA
BEL,1919,female,51.08
BEL,1919,male,47.52
BEL,1920,female,55.94
BEL,1920,male,52.15
BEL,1921,female,56.37
BEL,1921,male,53
BEL,1922,female,56.87
BEL,1922,male,53.55
BEL,1923,female,58.6
BEL,1923,male,54.87
BEL,1924,female,59.22
BEL,1924,male,55.63
BEL,1925,female,58.95
BEL,1925,male,55.35
BEL,1926,female,58.73
BEL,1926,male,55.09
BEL,1927,female,58.92
BEL,1927,male,55.36
BEL,1928,female,59.33
BEL,1928,male,55.66
BEL,1929,female,56.95
BEL,1929,male,53.18
BEL,1930,female,59.23
BEL,1930,male,55.07
BEL,1931,female,60.48
BEL,1931,male,56.44
BEL,1932,female,60.44
BEL,1932,male,56.7
BEL,1933,female,60.64
BEL,1933,male,56.79
BEL,1934,female,62.32
BEL,1934,male,58.38
BEL,1935,female,62.01
BEL,1935,male,57.96
BEL,1936,female,62.18
BEL,1936,male,57.73
BEL,1937,female,62.07
BEL,1937,male,57.92
BEL,1938,female,62.47
BEL,1938,male,57.86
BEL,1939,female,62.37
BEL,1939,male,57.86
BEL,1940,female,60.73
BEL,1940,male,51.78
BEL,1941,female,61.73
BEL,1941,male,55.99
BEL,1942,female,61.96
BEL,1942,male,56.46
BEL,1943,female,62.91
BEL,1943,male,57.82
BEL,1944,female,60.76
BEL,1944,male,53.49
BEL,1945,female,61.27
BEL,1945,male,55.56
BEL,1946,female,64.82
BEL,1946,male,59.13
BEL,1947,female,66.19
BEL,1947,male,60.79
BEL,1948,female,67.6
BEL,1948,male,62.34
BEL,1949,female,68.06
BEL,1949,male,62.92
BEL,1950,female,68.89
BEL,1950,male,63.81
BEL,1951,female,69.28
BEL,1951,male,64.29
BEL,1952,female,70.46
BEL,1952,male,65.54
BEL,1953,female,70.9
BEL,1953,male,65.88
BEL,1954,female,71.13
BEL,1954,male,66.11
BEL,1955,female,71.24
BEL,1955,male,65.93
BEL,1956,female,71.61
BEL,1956,male,66.14
BEL,1957,female,71.91
BEL,1957,male,66.55
BEL,1958,female,72.58
BEL,1958,male,67.29
BEL,1959,female,73.07
BEL,1959,male,67.61
BEL,1960,female,72.64
BEL,1960,male,66.71
BEL,1961,female,73.53
BEL,1961,male,67.55
BEL,1962,female,73.13
BEL,1962,male,67.39
BEL,1963,female,73.09
BEL,1963,male,67.09
BEL,1964,female,73.79
BEL,1964,male,67.7
BEL,1965,female,73.64
BEL,1965,male,67.56
BEL,1966,female,73.67
BEL,1966,male,67.67
BEL,1967,female,74.08
BEL,1967,male,67.84
BEL,1968,female,73.78
BEL,1968,male,67.54
BEL,1969,female,73.97
BEL,1969,male,67.49
BEL,1970,female,74.14
BEL,1970,male,67.82
BEL,1971,female,74.38
BEL,1971,male,67.89
BEL,1972,female,74.71
BEL,1972,male,68.2
BEL,1973,female,74.92
BEL,1973,male,68.42
BEL,1974,female,75.23
BEL,1974,male,68.77
BEL,1975,female,75.21
BEL,1975,male,68.78
BEL,1976,female,75.41
BEL,1976,male,68.86
BEL,1977,female,76.06
BEL,1977,male,69.49
BEL,1978,female,76.06
BEL,1978,male,69.39
BEL,1979,female,76.52
BEL,1979,male,69.91
BEL,1980,female,76.66
BEL,1980,male,69.87
BEL,1981,female,77.04
BEL,1981,male,70.28
BEL,1982,female,77.16
BEL,1982,male,70.59
BEL,1983,female,77.14
BEL,1983,male,70.61
BEL,1984,female,77.78
BEL,1984,male,70.95
BEL,1985,female,77.87
BEL,1985,male,71.07
BEL,1986,female,77.99
BEL,1986,male,71.32
BEL,1987,female,78.62
BEL,1987,male,71.91
BEL,1988,female,78.91
BEL,1988,male,72.21
BEL,1989,female,78.92
BEL,1989,male,72.32
BEL,1990,female,79.33
BEL,1990,male,72.7
BEL,1991,female,79.47
BEL,1991,male,72.85
BEL,1992,female,79.67
BEL,1992,male,72.97
BEL,1993,female,79.74
BEL,1993,male,72.94
BEL,1994,female,79.99
BEL,1994,male,73.35
BEL,1995,female,80.18
BEL,1995,male,73.44
BEL,1996,female,80.46
BEL,1996,male,73.83
BEL,1997,female,80.55
BEL,1997,male,74.16
BEL,1998,female,80.56
BEL,1998,male,74.3
BEL,1999,female,80.87
BEL,1999,male,74.37
BEL,2000,female,80.89
BEL,2000,male,74.57
BEL,2001,female,81.16
BEL,2001,male,74.92
BEL,2002,female,81.18
BEL,2002,male,75.08
BEL,2003,female,81.19
BEL,2003,male,75.36
BEL,2004,female,81.85
BEL,2004,male,75.97
BEL,2005,female,81.85
BEL,2005,male,76.14
BEL,2006,female,82.14
BEL,2006,male,76.51
BEL,2007,female,82.19
BEL,2007,male,76.73
BEL,2008,female,82.29
BEL,2008,male,76.77
BEL,2009,female,82.42
BEL,2009,male,77.15
BEL,2010,female,82.61
BEL,2010,male,77.35
BEL,2011,female,82.84
BEL,2011,male,77.75
BEL,2012,female,82.8
BEL,2012,male,77.61
BEL,2013,female,82.89
BEL,2013,male,77.91
BEL,2014,female,83.48
BEL,2014,male,78.53
BEL,2015,female,83.12
BEL,2015,male,78.52
BEL,2016,female,83.65
BEL,2016,male,78.75
BEL,2017,female,83.62
BEL,2017,male,78.96
BEL,2018,female,83.65
BEL,2018,male,79.17
BEL,2019,female,83.97
BEL,2019,male,79.55
BEL,2020,female,83.03
BEL,2020,male,78.5
BEL,2021,female,84
BEL,2021,male,79.21
BEL,2022,female,83.78
BEL,2022,male,79.53
BEL,2023,female,84.06
BEL,2023,male,79.97
BEL,2024,female,84.34
BEL,2024,male,80.16
BGR,1947,female,55.74
BGR,1947,male,52.58
BGR,1948,female,57.26
BGR,1948,male,54.43
BGR,1949,female,59.69
BGR,1949,male,56.34
BGR,1950,female,63.28
BGR,1950,male,59.7
BGR,1951,female,62.27
BGR,1951,male,59.13
BGR,1952,female,61.08
BGR,1952,male,58.09
BGR,1953,female,65.96
BGR,1953,male,62.46
BGR,1954,female,66.15
BGR,1954,male,62.66
BGR,1955,female,66.55
BGR,1955,male,63.13
BGR,1956,female,66.95
BGR,1956,male,63.5
BGR,1957,female,68.33
BGR,1957,male,64.87
BGR,1958,female,70.41
BGR,1958,male,67.03
BGR,1959,female,68.2
BGR,1959,male,65.07
BGR,1960,female,70.92
BGR,1960,male,67.45
BGR,1961,female,72.07
BGR,1961,male,68.42
BGR,1962,female,71.32
BGR,1962,male,67.78
BGR,1963,female,72.02
BGR,1963,male,68.68
BGR,1964,female,72.94
BGR,1964,male,69.35
BGR,1965,female,73.22
BGR,1965,male,69.44
BGR,1966,female,73.15
BGR,1966,male,69.34
BGR,1967,female,72.55
BGR,1967,male,68.36
BGR,1968,female,73.29
BGR,1968,male,69.18
BGR,1969,female,72.77
BGR,1969,male,68.28
BGR,1970,female,73.5
BGR,1970,male,69.1
BGR,1971,female,73.22
BGR,1971,male,68.62
BGR,1972,female,73.19
BGR,1972,male,68.65
BGR,1973,female,73.73
BGR,1973,male,69
BGR,1974,female,73.6
BGR,1974,male,68.95
BGR,1975,female,73.54
BGR,1975,male,68.62
BGR,1976,female,73.88
BGR,1976,male,68.98
BGR,1977,female,73.46
BGR,1977,male,68.25
BGR,1978,female,73.65
BGR,1978,male,68.75
BGR,1979,female,74.01
BGR,1979,male,68.61
BGR,1980,female,73.9
BGR,1980,male,68.45
BGR,1981,female,74.31
BGR,1981,male,68.82
BGR,1982,female,73.95
BGR,1982,male,68.39
BGR,1983,female,74.31
BGR,1983,male,68.39
BGR,1984,female,74.47
BGR,1984,male,68.44
BGR,1985,female,74.25
BGR,1985,male,68.09
BGR,1986,female,74.85
BGR,1986,male,68.5
BGR,1987,female,74.59
BGR,1987,male,68.33
BGR,1988,female,74.76
BGR,1988,male,68.31
BGR,1989,female,74.91
BGR,1989,male,68.29
BGR,1990,female,74.81
BGR,1990,male,68.08
BGR,1991,female,74.51
BGR,1991,male,68.09
BGR,1992,female,74.78
BGR,1992,male,67.84
BGR,1993,female,75.11
BGR,1993,male,67.57
BGR,1994,female,74.81
BGR,1994,male,67.23
BGR,1995,female,74.87
BGR,1995,male,67.36
BGR,1996,female,74.59
BGR,1996,male,67.35
BGR,1997,female,73.91
BGR,1997,male,66.96
BGR,1998,female,74.69
BGR,1998,male,67.33
BGR,1999,female,75.1
BGR,1999,male,68.2
BGR,2000,female,75.01
BGR,2000,male,68.3
BGR,2001,female,75.4
BGR,2001,male,68.53
BGR,2002,female,75.58
BGR,2002,male,68.83
BGR,2003,female,75.98
BGR,2003,male,68.94
BGR,2004,female,76.26
BGR,2004,male,69.07
BGR,2005,female,76.25
BGR,2005,male,69.05
BGR,2006,female,76.3
BGR,2006,male,69.25
BGR,2007,female,76.62
BGR,2007,male,69.55
BGR,2008,female,76.98
BGR,2008,male,69.84
BGR,2009,female,77.33
BGR,2009,male,70.17
BGR,2010,female,77.35
BGR,2010,male,70.39
BGR,2011,female,77.72
BGR,2011,male,70.73
BGR,2012,female,77.87
BGR,2012,male,70.91
BGR,2013,female,78.47
BGR,2013,male,71.29
BGR,2014,female,77.97
BGR,2014,male,71.07
BGR,2015,female,78.13
BGR,2015,male,71.23
BGR,2016,female,78.47
BGR,2016,male,71.31
BGR,2017,female,78.34
BGR,2017,male,71.37
BGR,2018,female,78.49
BGR,2018,male,71.49
BGR,2019,female,78.72
BGR,2019,male,71.58
BGR,2020,female,77.48
BGR,2020,male,69.99
BGR,2021,female,75.1
BGR,2021,male,68.05
BLR,1959,female,71.97
BLR,1959,male,65.24
BLR,1960,female,74.81
BLR,1960,male,67.92
BLR,1961,female,75.56
BLR,1961,male,68.61
BLR,1962,female,74.08
BLR,1962,male,67.66
BLR,1963,female,74.88
BLR,1963,male,68.16
BLR,1964,female,76.67
BLR,1964,male,69.39
BLR,1965,female,76.14
BLR,1965,male,68.96
BLR,1966,female,76.6
BLR,1966,male,69.16
BLR,1967,female,76.36
BLR,1967,male,68.97
BLR,1968,female,76.64
BLR,1968,male,68.93
BLR,1969,female,76.34
BLR,1969,male,68.51
BLR,1970,female,75.96
BLR,1970,male,67.87
BLR,1971,female,76.77
BLR,1971,male,68.35
BLR,1972,female,76.48
BLR,1972,male,68.1
BLR,1973,female,76.44
BLR,1973,male,68.17
BLR,1974,female,76.91
BLR,1974,male,68.35
BLR,1975,female,76.25
BLR,1975,male,67.15
BLR,1976,female,76.25
BLR,1976,male,66.89
BLR,1977,female,76.29
BLR,1977,male,66.75
BLR,1978,female,76.16
BLR,1978,male,66.58
BLR,1979,female,76.06
BLR,1979,male,65.96
BLR,1980,female,75.59
BLR,1980,male,65.95
BLR,1981,female,76.2
BLR,1981,male,65.94
BLR,1982,female,76.17
BLR,1982,male,66.21
BLR,1983,female,75.94
BLR,1983,male,66.11
BLR,1984,female,75.52
BLR,1984,male,65.41
BLR,1985,female,75.26
BLR,1985,male,66.11
BLR,1986,female,76.28
BLR,1986,male,67.68
BLR,1987,female,76.17
BLR,1987,male,67.58
BLR,1988,female,76.11
BLR,1988,male,67.27
BLR,1989,female,76.34
BLR,1989,male,66.73
BLR,1990,female,75.79
BLR,1990,male,66.24
BLR,1991,female,75.45
BLR,1991,male,65.5
BLR,1992,female,75.34
BLR,1992,male,64.9
BLR,1993,female,74.49
BLR,1993,male,63.73
BLR,1994,female,74.36
BLR,1994,male,63.42
BLR,1995,female,74.19
BLR,1995,male,62.8
BLR,1996,female,74.29
BLR,1996,male,63.04
BLR,1997,female,74.19
BLR,1997,male,62.81
BLR,1998,female,74.29
BLR,1998,male,62.57
BLR,1999,female,73.92
BLR,1999,male,62.19
BLR,2000,female,74.66
BLR,2000,male,63.3
BLR,2001,female,74.5
BLR,2001,male,62.73
BLR,2002,female,74.12
BLR,2002,male,62.18
BLR,2003,female,74.67
BLR,2003,male,62.62
BLR,2004,female,74.96
BLR,2004,male,63.12
BLR,2005,female,75
BLR,2005,male,62.76
BLR,2006,female,75.44
BLR,2006,male,63.48
BLR,2007,female,76.11
BLR,2007,male,64.46
BLR,2008,female,76.41
BLR,2008,male,64.55
BLR,2009,female,76.36
BLR,2009,male,64.67
BLR,2010,female,76.48
BLR,2010,male,64.6
BLR,2011,female,76.77
BLR,2011,male,64.71
BLR,2012,female,77.68
BLR,2012,male,66.6
BLR,2013,female,77.88
BLR,2013,male,67.23
BLR,2014,female,78.43
BLR,2014,male,67.81
BLR,2015,female,78.87
BLR,2015,male,68.59
BLR,2016,female,79.02
BLR,2016,male,68.96
BLR,2017,female,79.22
BLR,2017,male,69.27
BLR,2018,female,79.4
BLR,2018,male,69.25
CAN,1921,female,58.22
CAN,1921,male,56.03
CAN,1922,female,58.22
CAN,1922,male,56
CAN,1923,female,58.07
CAN,1923,male,55.89
CAN,1924,female,59.84
CAN,1924,male,57.71
CAN,1925,female,60.45
CAN,1925,male,58.11
CAN,1926,female,59.14
CAN,1926,male,56.81
CAN,1927,female,59.92
CAN,1927,male,57.38
CAN,1928,female,59.87
CAN,1928,male,57.32
CAN,1929,female,59.24
CAN,1929,male,56.73
CAN,1930,female,60.35
CAN,1930,male,57.68
CAN,1931,female,61.63
CAN,1931,male,59.01
CAN,1932,female,62.52
CAN,1932,male,60.25
CAN,1933,female,63.38
CAN,1933,male,61.25
CAN,1934,female,63.98
CAN,1934,male,61.4
CAN,1935,female,63.71
CAN,1935,male,61.21
CAN,1936,female,63.79
CAN,1936,male,61.62
CAN,1937,female,62.8
CAN,1937,male,59.9
CAN,1938,female,64.89
CAN,1938,male,61.78
CAN,1939,female,65.34
CAN,1939,male,62.24
CAN,1940,female,65.65
CAN,1940,male,62.38
CAN,1941,female,65.7
CAN,1941,male,62.02
CAN,1942,female,66.52
CAN,1942,male,62.95
CAN,1943,female,66.44
CAN,1943,male,62.93
CAN,1944,female,67.02
CAN,1944,male,63.75
CAN,1945,female,68.12
CAN,1945,male,64.64
CAN,1946,female,68.33
CAN,1946,male,64.73
CAN,1947,female,68.96
CAN,1947,male,64.89
CAN,1948,female,69.42
CAN,1948,male,65.36
CAN,1949,female,69.85
CAN,1949,male,65.63
CAN,1950,female,70.58
CAN,1950,male,66.15
CAN,1951,female,70.87
CAN,1951,male,66.43
CAN,1952,female,71.39
CAN,1952,male,66.33
CAN,1953,female,71.8
CAN,1953,male,66.68
CAN,1954,female,72.7
CAN,1954,male,67.54
CAN,1955,female,72.88
CAN,1955,male,67.51
CAN,1956,female,72.82
CAN,1956,male,67.51
CAN,1957,female,72.98
CAN,1957,male,67.29
CAN,1958,female,73.68
CAN,1958,male,67.9
CAN,1959,female,73.65
CAN,1959,male,67.98
CAN,1960,female,74.15
CAN,1960,male,68.23
CAN,1961,female,74.47
CAN,1961,male,68.4
CAN,1962,female,74.44
CAN,1962,male,68.45
CAN,1963,female,74.52
CAN,1963,male,68.42
CAN,1964,female,75.08
CAN,1964,male,68.63
CAN,1965,female,75.15
CAN,1965,male,68.77
CAN,1966,female,75.39
CAN,1966,male,68.77
CAN,1967,female,75.66
CAN,1967,male,68.93
CAN,1968,female,75.79
CAN,1968,male,69.09
CAN,1969,female,76.02
CAN,1969,male,69.16
CAN,1970,female,76.27
CAN,1970,male,69.33
CAN,1971,female,76.65
CAN,1971,male,69.62
CAN,1972,female,76.54
CAN,1972,male,69.47
CAN,1973,female,76.83
CAN,1973,male,69.67
CAN,1974,female,76.9
CAN,1974,male,69.73
CAN,1975,female,77.23
CAN,1975,male,70
CAN,1976,female,77.67
CAN,1976,male,70.38
CAN,1977,female,77.96
CAN,1977,male,70.63
CAN,1978,female,78.32
CAN,1978,male,70.91
CAN,1979,female,78.59
CAN,1979,male,71.31
CAN,1980,female,78.72
CAN,1980,male,71.6
CAN,1981,female,79.11
CAN,1981,male,72.01
CAN,1982,female,79.23
CAN,1982,male,72.29
CAN,1983,female,79.55
CAN,1983,male,72.69
CAN,1984,female,79.78
CAN,1984,male,73.01
CAN,1985,female,79.73
CAN,1985,male,73.03
CAN,1986,female,79.79
CAN,1986,male,73.23
CAN,1987,female,80.11
CAN,1987,male,73.51
CAN,1988,female,80.19
CAN,1988,male,73.57
CAN,1989,female,80.39
CAN,1989,male,73.87
CAN,1990,female,80.63
CAN,1990,male,74.23
CAN,1991,female,80.73
CAN,1991,male,74.44
CAN,1992,female,80.98
CAN,1992,male,74.69
CAN,1993,female,80.78
CAN,1993,male,74.63
CAN,1994,female,80.88
CAN,1994,male,74.87
CAN,1995,female,80.97
CAN,1995,male,75.01
CAN,1996,female,81.1
CAN,1996,male,75.38
CAN,1997,female,81.2
CAN,1997,male,75.66
CAN,1998,female,81.36
CAN,1998,male,75.9
CAN,1999,female,81.56
CAN,1999,male,76.12
CAN,2000,female,81.77
CAN,2000,male,76.58
CAN,2001,female,81.94
CAN,2001,male,76.85
CAN,2002,female,81.94
CAN,2002,male,77.07
CAN,2003,female,82.14
CAN,2003,male,77.21
CAN,2004,female,82.36
CAN,2004,male,77.58
CAN,2005,female,82.43
CAN,2005,male,77.71
CAN,2006,female,82.8
CAN,2006,male,78.15
CAN,2007,female,82.8
CAN,2007,male,78.17
CAN,2008,female,82.94
CAN,2008,male,78.4
CAN,2009,female,83.22
CAN,2009,male,78.78
CAN,2010,female,83.45
CAN,2010,male,79.1
CAN,2011,female,83.58
CAN,2011,male,79.32
CAN,2012,female,83.73
CAN,2012,male,79.54
CAN,2013,female,83.78
CAN,2013,male,79.66
CAN,2014,female,83.86
CAN,2014,male,79.69
CAN,2015,female,83.89
CAN,2015,male,79.81
CAN,2016,female,84.03
CAN,2016,male,79.91
CAN,2017,female,84.02
CAN,2017,male,79.7
CAN,2018,female,83.99
CAN,2018,male,79.76
CAN,2019,female,84.36
CAN,2019,male,80.12
CAN,2020,female,83.89
CAN,2020,male,79.35
CAN,2021,female,83.96
CAN,2021,male,79.14
CAN,2022,female,83.46
CAN,2022,male,78.95
CAN,2023,female,83.94
CAN,2023,male,79.56
CHL,1992,female,77.48
CHL,1992,male,71.46
CHL,1993,female,77.66
CHL,1993,male,71.42
CHL,1994,female,78.19
CHL,1994,male,71.82
CHL,1995,female,78.24
CHL,1995,male,71.64
CHL,1996,female,78.61
CHL,1996,male,71.87
CHL,1997,female,79.08
CHL,1997,male,72.54
CHL,1998,female,79.05
CHL,1998,male,72.77
CHL,1999,female,79.18
CHL,1999,male,73.03
CHL,2000,female,79.94
CHL,2000,male,73.71
CHL,2001,female,79.85
CHL,2001,male,73.58
CHL,2002,female,80.41
CHL,2002,male,74.08
CHL,2003,female,80.44
CHL,2003,male,74.21
CHL,2004,female,80.46
CHL,2004,male,74.3
CHL,2005,female,80.83
CHL,2005,male,74.74
CHL,2006,female,81.18
CHL,2006,male,75.21
CHL,2007,female,80.72
CHL,2007,male,74.68
CHL,2008,female,81.4
CHL,2008,male,75.28
CHL,2009,female,81.64
CHL,2009,male,75.45
CHL,2010,female,81.34
CHL,2010,male,75.38
CHL,2011,female,81.92
CHL,2011,male,76.12
CHL,2012,female,81.83
CHL,2012,male,76.29
CHL,2013,female,82.2
CHL,2013,male,76.39
CHL,2014,female,82.31
CHL,2014,male,76.56
CHL,2015,female,82.53
CHL,2015,male,76.81
CHL,2016,female,82.74
CHL,2016,male,77.19
CHL,2017,female,82.89
CHL,2017,male,77.41
CHL,2018,female,83.21
CHL,2018,male,77.69
CHL,2019,female,83.31
CHL,2019,male,77.75
CHL,2020,female,82.49
CHL,2020,male,76.37
CHL,2021,female,81.76
CHL,2021,male,75.63
CHL,2022,female,82.14
CHL,2022,male,76.27
CHL,2023,female,83.25
CHL,2023,male,77.78
CHL,2024,female,83.15
CHL,2024,male,77.85
HRV,2001,female,78.1
HRV,2001,male,70.94
HRV,2002,female,78.31
HRV,2002,male,71.05
HRV,2003,female,78.22
HRV,2003,male,71.01
HRV,2004,female,78.88
HRV,2004,male,71.85
HRV,2005,female,78.85
HRV,2005,male,71.73
HRV,2006,female,79.24
HRV,2006,male,72.39
HRV,2007,female,79.15
HRV,2007,male,72.2
HRV,2008,female,79.52
HRV,2008,male,72.27
HRV,2009,female,79.52
HRV,2009,male,72.79
HRV,2010,female,79.78
HRV,2010,male,73.39
HRV,2011,female,80.2
HRV,2011,male,73.76
HRV,2012,female,80.47
HRV,2012,male,73.83
HRV,2013,female,80.76
HRV,2013,male,74.36
HRV,2014,female,80.82
HRV,2014,male,74.58
HRV,2015,female,80.37
HRV,2015,male,74.25
HRV,2016,female,81.09
HRV,2016,male,74.82
HRV,2017,female,80.77
HRV,2017,male,74.76
HRV,2018,female,81.21
HRV,2018,male,74.72
HRV,2019,female,81.31
HRV,2019,male,75.2
HRV,2020,female,80.68
HRV,2020,male,74.47
HRV,2021,female,79.74
HRV,2021,male,73.48
HRV,2022,female,80.81
HRV,2022,male,74.61
HRV,2023,female,81.67
HRV,2023,male,75.4
HRV,2024,female,81.82
HRV,2024,male,76.05
HKG,1986,female,79.74
HKG,1986,male,74.1
HKG,1987,female,79.87
HKG,1987,male,74.14
HKG,1988,female,79.84
HKG,1988,male,74.23
HKG,1989,female,80.08
HKG,1989,male,74.1
HKG,1990,female,80.22
HKG,1990,male,74.47
HKG,1991,female,80.77
HKG,1991,male,75.23
HKG,1992,female,80.73
HKG,1992,male,74.91
HKG,1993,female,81.09
HKG,1993,male,75.44
HKG,1994,female,82.02
HKG,1994,male,76
HKG,1995,female,82.19
HKG,1995,male,76.17
HKG,1996,female,82.43
HKG,1996,male,76.53
HKG,1997,female,82.95
HKG,1997,male,77.08
HKG,1998,female,83.11
HKG,1998,male,77.21
HKG,1999,female,83.33
HKG,1999,male,77.59
HKG,2000,female,83.6
HKG,2000,male,77.79
HKG,2001,female,84.34
HKG,2001,male,78.21
HKG,2002,female,84.37
HKG,2002,male,78.39
HKG,2003,female,84.04
HKG,2003,male,78.12
HKG,2004,female,84.38
HKG,2004,male,78.57
HKG,2005,female,84.28
HKG,2005,male,78.6
HKG,2006,female,85.06
HKG,2006,male,79.34
HKG,2007,female,85.19
HKG,2007,male,79.16
HKG,2008,female,84.77
HKG,2008,male,79.17
HKG,2009,female,85.29
HKG,2009,male,79.69
HKG,2010,female,85.51
HKG,2010,male,79.84
HKG,2011,female,85.98
HKG,2011,male,80.19
HKG,2012,female,85.93
HKG,2012,male,80.3
HKG,2013,female,86.44
HKG,2013,male,80.83
HKG,2014,female,86.41
HKG,2014,male,81.01
HKG,2015,female,86.59
HKG,2015,male,81.23
HKG,2016,female,86.88
HKG,2016,male,81.24
HKG,2017,female,87.21
HKG,2017,male,81.66
HKG,2018,female,87.57
HKG,2018,male,81.96
HKG,2019,female,87.66
HKG,2019,male,82.02
HKG,2020,female,87.62
HKG,2020,male,82.14
HKG,2021,female,87.86
HKG,2021,male,82.46
HKG,2022,female,86.62
HKG,2022,male,80.69
HKG,2023,female,87.91
HKG,2023,male,82.45
HKG,2024,female,88.7
HKG,2024,male,83.28
CHE,1876,female,41.93
CHE,1876,male,38.53
CHE,1877,female,41.52
CHE,1877,male,38.52
CHE,1878,female,41.88
CHE,1878,male,39.3
CHE,1879,female,43.41
CHE,1879,male,40.29
CHE,1880,female,44.02
CHE,1880,male,40.97
CHE,1881,female,43.24
CHE,1881,male,40.66
CHE,1882,female,44.41
CHE,1882,male,41.67
CHE,1883,female,46.05
CHE,1883,male,44.01
CHE,1884,female,46.33
CHE,1884,male,43.84
CHE,1885,female,45.15
CHE,1885,male,42.71
CHE,1886,female,45.92
CHE,1886,male,43.58
CHE,1887,female,46.76
CHE,1887,male,44.18
CHE,1888,female,47.35
CHE,1888,male,44.69
CHE,1889,female,46.28
CHE,1889,male,44.1
CHE,1890,female,46.38
CHE,1890,male,43.67
CHE,1891,female,46.22
CHE,1891,male,43.43
CHE,1892,female,48.61
CHE,1892,male,45.82
CHE,1893,female,47.36
CHE,1893,male,44.82
CHE,1894,female,47.06
CHE,1894,male,44.65
CHE,1895,female,48.41
CHE,1895,male,45.48
CHE,1896,female,50.43
CHE,1896,male,47.35
CHE,1897,female,50.52
CHE,1897,male,47.69
CHE,1898,female,49.87
CHE,1898,male,46.68
CHE,1899,female,51.06
CHE,1899,male,47.57
CHE,1900,female,48.94
CHE,1900,male,46.26
CHE,1901,female,50.62
CHE,1901,male,47.36
CHE,1902,female,51.78
CHE,1902,male,49.11
CHE,1903,female,51.32
CHE,1903,male,48.83
CHE,1904,female,50.45
CHE,1904,male,48.01
CHE,1905,female,51.13
CHE,1905,male,48.27
CHE,1906,female,52.21
CHE,1906,male,49.3
CHE,1907,female,52.74
CHE,1907,male,49.66
CHE,1908,female,53.89
CHE,1908,male,50.7
CHE,1909,female,53.15
CHE,1909,male,50.16
CHE,1910,female,54.64
CHE,1910,male,51.25
CHE,1911,female,53.4
CHE,1911,male,50.16
CHE,1912,female,56.09
CHE,1912,male,52.73
CHE,1913,female,55.96
CHE,1913,male,52.51
CHE,1914,female,56.77
CHE,1914,male,53.47
CHE,1915,female,57.5
CHE,1915,male,54.33
CHE,1916,female,58.09
CHE,1916,male,54.94
CHE,1917,female,57.43
CHE,1917,male,54.12
CHE,1918,female,48.94
CHE,1918,male,43.76
CHE,1919,female,55.91
CHE,1919,male,53.74
CHE,1920,female,55.77
CHE,1920,male,53.22
CHE,1921,female,59.44
CHE,1921,male,56.1
CHE,1922,female,59.67
CHE,1922,male,57.27
CHE,1923,female,61.74
CHE,1923,male,58.22
CHE,1924,female,61.03
CHE,1924,male,57.89
CHE,1925,female,61.4
CHE,1925,male,58.39
CHE,1926,female,62.14
CHE,1926,male,59.01
CHE,1927,female,61.58
CHE,1927,male,58.57
CHE,1928,female,62.19
CHE,1928,male,58.65
CHE,1929,female,62.05
CHE,1929,male,58.21
CHE,1930,female,63.48
CHE,1930,male,59.3
CHE,1931,female,63.03
CHE,1931,male,59.41
CHE,1932,female,63.03
CHE,1932,male,59.35
CHE,1933,female,64.22
CHE,1933,male,60.48
CHE,1934,female,64.9
CHE,1934,male,60.73
CHE,1935,female,63.98
CHE,1935,male,60.24
CHE,1936,female,65.25
CHE,1936,male,61
CHE,1937,female,65.41
CHE,1937,male,61.49
CHE,1938,female,65.64
CHE,1938,male,61.97
CHE,1939,female,66.05
CHE,1939,male,61.86
CHE,1940,female,65.68
CHE,1940,male,61.36
CHE,1941,female,66.99
CHE,1941,male,62.76
CHE,1942,female,67.76
CHE,1942,male,63.42
CHE,1943,female,68.02
CHE,1943,male,63.57
CHE,1944,female,67.06
CHE,1944,male,62.61
CHE,1945,female,67.38
CHE,1945,male,63.31
CHE,1946,female,67.79
CHE,1946,male,64.26
CHE,1947,female,68.34
CHE,1947,male,64.07
CHE,1948,female,69.42
CHE,1948,male,65.13
CHE,1949,female,70.04
CHE,1949,male,65.77
CHE,1950,female,71.09
CHE,1950,male,66.65
CHE,1951,female,70.97
CHE,1951,male,66.34
CHE,1952,female,71.85
CHE,1952,male,67.24
CHE,1953,female,71.9
CHE,1953,male,67.06
CHE,1954,female,72.3
CHE,1954,male,67.58
CHE,1955,female,72.35
CHE,1955,male,67.7
CHE,1956,female,72.65
CHE,1956,male,67.67
CHE,1957,female,73.17
CHE,1957,male,67.84
CHE,1958,female,73.95
CHE,1958,male,68.55
CHE,1959,female,74.11
CHE,1959,male,68.72
CHE,1960,female,74.11
CHE,1960,male,68.65
CHE,1961,female,74.58
CHE,1961,male,68.84
CHE,1962,female,74.1
CHE,1962,male,68.45
CHE,1963,female,74.24
CHE,1963,male,68.3
CHE,1964,female,75.11
CHE,1964,male,69.19
CHE,1965,female,75.08
CHE,1965,male,69.48
CHE,1966,female,75.26
CHE,1966,male,69.57
CHE,1967,female,75.72
CHE,1967,male,69.7
CHE,1968,female,75.53
CHE,1968,male,69.8
CHE,1969,female,75.65
CHE,1969,male,69.72
CHE,1970,female,76.16
CHE,1970,male,70.03
CHE,1971,female,76.25
CHE,1971,male,70.17
CHE,1972,female,76.83
CHE,1972,male,70.63
CHE,1973,female,77.05
CHE,1973,male,70.98
CHE,1974,female,77.56
CHE,1974,male,71.17
CHE,1975,female,78.01
CHE,1975,male,71.5
CHE,1976,female,78.14
CHE,1976,male,71.6
CHE,1977,female,78.68
CHE,1977,male,71.96
CHE,1978,female,78.66
CHE,1978,male,71.89
CHE,1979,female,78.79
CHE,1979,male,72.32
CHE,1980,female,78.86
CHE,1980,male,72.23
CHE,1981,female,79.13
CHE,1981,male,72.42
CHE,1982,female,79.44
CHE,1982,male,72.79
CHE,1983,female,79.56
CHE,1983,male,72.69
CHE,1984,female,80.04
CHE,1984,male,73.35
CHE,1985,female,80.16
CHE,1985,male,73.49
CHE,1986,female,80.3
CHE,1986,male,73.66
CHE,1987,female,80.66
CHE,1987,male,73.9
CHE,1988,female,80.73
CHE,1988,male,73.89
CHE,1989,female,80.94
CHE,1989,male,74.06
CHE,1990,female,80.71
CHE,1990,male,73.95
CHE,1991,female,81.09
CHE,1991,male,74.11
CHE,1992,female,81.33
CHE,1992,male,74.45
CHE,1993,female,81.42
CHE,1993,male,74.9
CHE,1994,female,81.7
CHE,1994,male,75.14
CHE,1995,female,81.68
CHE,1995,male,75.29
CHE,1996,female,81.99
CHE,1996,male,75.93
CHE,1997,female,82.03
CHE,1997,male,76.24
CHE,1998,female,82.47
CHE,1998,male,76.31
CHE,1999,female,82.48
CHE,1999,male,76.78
CHE,2000,female,82.56
CHE,2000,male,76.92
CHE,2001,female,82.95
CHE,2001,male,77.35
CHE,2002,female,82.95
CHE,2002,male,77.73
CHE,2003,female,82.98
CHE,2003,male,77.89
CHE,2004,female,83.47
CHE,2004,male,78.43
CHE,2005,female,83.69
CHE,2005,male,78.58
CHE,2006,female,83.84
CHE,2006,male,79.03
CHE,2007,female,83.96
CHE,2007,male,79.25
CHE,2008,female,84.18
CHE,2008,male,79.57
CHE,2009,female,84.18
CHE,2009,male,79.62
CHE,2010,female,84.36
CHE,2010,male,80.03
CHE,2011,female,84.68
CHE,2011,male,80.29
CHE,2012,female,84.61
CHE,2012,male,80.46
CHE,2013,female,84.73
CHE,2013,male,80.51
CHE,2014,female,85.1
CHE,2014,male,80.92
CHE,2015,female,84.88
CHE,2015,male,80.69
CHE,2016,female,85.22
CHE,2016,male,81.52
CHE,2017,female,85.36
CHE,2017,male,81.36
CHE,2018,female,85.37
CHE,2018,male,81.64
CHE,2019,female,85.57
CHE,2019,male,81.89
CHE,2020,female,85.07
CHE,2020,male,80.99
CHE,2021,female,85.61
CHE,2021,male,81.62
CHE,2022,female,85.38
CHE,2022,male,81.62
CHE,2023,female,85.83
CHE,2023,male,82.21
CHE,2024,female,85.9
CHE,2024,male,82.42
CZE,1950,female,66.83
CZE,1950,male,61.95
CZE,1951,female,67.73
CZE,1951,male,62.77
CZE,1952,female,69.25
CZE,1952,male,64.42
CZE,1953,female,69.92
CZE,1953,male,65.13
CZE,1954,female,70.57
CZE,1954,male,65.47
CZE,1955,female,71.55
CZE,1955,male,66.33
CZE,1956,female,71.97
CZE,1956,male,66.69
CZE,1957,female,71.69
CZE,1957,male,66.31
CZE,1958,female,72.64
CZE,1958,male,67.23
CZE,1959,female,72.68
CZE,1959,male,67.03
CZE,1960,female,73.34
CZE,1960,male,67.49
CZE,1961,female,73.54
CZE,1961,male,67.61
CZE,1962,female,72.86
CZE,1962,male,66.87
CZE,1963,female,73.46
CZE,1963,male,67.25
CZE,1964,female,73.65
CZE,1964,male,67.46
CZE,1965,female,73.39
CZE,1965,male,67.08
CZE,1966,female,73.73
CZE,1966,male,67.15
CZE,1967,female,73.66
CZE,1967,male,67.03
CZE,1968,female,73.38
CZE,1968,male,66.46
CZE,1969,female,73.06
CZE,1969,male,65.84
CZE,1970,female,72.99
CZE,1970,male,66.04
CZE,1971,female,73.37
CZE,1971,male,66.16
CZE,1972,female,73.66
CZE,1972,male,66.81
CZE,1973,female,73.69
CZE,1973,male,66.53
CZE,1974,female,73.6
CZE,1974,male,66.76
CZE,1975,female,74
CZE,1975,male,66.99
CZE,1976,female,74.19
CZE,1976,male,67.04
CZE,1977,female,74.2
CZE,1977,male,67.1
CZE,1978,female,74.25
CZE,1978,male,67.19
CZE,1979,female,74.34
CZE,1979,male,67.32
CZE,1980,female,73.92
CZE,1980,male,66.81
CZE,1981,female,74.39
CZE,1981,male,67.19
CZE,1982,female,74.47
CZE,1982,male,67.32
CZE,1983,female,74.3
CZE,1983,male,67.04
CZE,1984,female,74.5
CZE,1984,male,67.34
CZE,1985,female,74.76
CZE,1985,male,67.49
CZE,1986,female,74.67
CZE,1986,male,67.48
CZE,1987,female,75.2
CZE,1987,male,67.86
CZE,1988,female,75.35
CZE,1988,male,68.1
CZE,1989,female,75.43
CZE,1989,male,68.12
CZE,1990,female,75.4
CZE,1990,male,67.53
CZE,1991,female,75.75
CZE,1991,male,68.23
CZE,1992,female,76.18
CZE,1992,male,68.52
CZE,1993,female,76.43
CZE,1993,male,69.25
CZE,1994,female,76.65
CZE,1994,male,69.49
CZE,1995,female,76.65
CZE,1995,male,69.66
CZE,1996,female,77.32
CZE,1996,male,70.31
CZE,1997,female,77.43
CZE,1997,male,70.42
CZE,1998,female,77.99
CZE,1998,male,71.05
CZE,1999,female,78.08
CZE,1999,male,71.33
CZE,2000,female,78.33
CZE,2000,male,71.55
CZE,2001,female,78.51
CZE,2001,male,72.02
CZE,2002,female,78.71
CZE,2002,male,72.1
CZE,2003,female,78.66
CZE,2003,male,72.08
CZE,2004,female,79.21
CZE,2004,male,72.61
CZE,2005,female,79.28
CZE,2005,male,72.95
CZE,2006,female,79.86
CZE,2006,male,73.47
CZE,2007,female,80.08
CZE,2007,male,73.69
CZE,2008,female,80.31
CZE,2008,male,73.96
CZE,2009,female,80.3
CZE,2009,male,74.15
CZE,2010,female,80.64
CZE,2010,male,74.42
CZE,2011,female,80.86
CZE,2011,male,74.71
CZE,2012,female,80.98
CZE,2012,male,74.95
CZE,2013,female,81.15
CZE,2013,male,75.13
CZE,2014,female,81.72
CZE,2014,male,75.7
CZE,2015,female,81.46
CZE,2015,male,75.61
CZE,2016,female,81.86
CZE,2016,male,76.02
CZE,2017,female,81.84
CZE,2017,male,75.97
CZE,2018,female,81.87
CZE,2018,male,76.02
CZE,2019,female,82.07
CZE,2019,male,76.27
CZE,2020,female,81.3
CZE,2020,male,75.23
CZE,2021,female,80.51
CZE,2021,male,74.11
DEUTNP,1990,female,78.42
DEUTNP,1990,male,71.91
DEUTNP,1991,female,78.69
DEUTNP,1991,male,72.09
DEUTNP,1992,female,79.14
DEUTNP,1992,male,72.53
DEUTNP,1993,female,79.21
DEUTNP,1993,male,72.63
DEUTNP,1994,female,79.51
DEUTNP,1994,male,72.95
DEUTNP,1995,female,79.69
DEUTNP,1995,male,73.12
DEUTNP,1996,female,79.86
DEUTNP,1996,male,73.42
DEUTNP,1997,female,80.27
DEUTNP,1997,male,73.88
DEUTNP,1998,female,80.54
DEUTNP,1998,male,74.32
DEUTNP,1999,female,80.75
DEUTNP,1999,male,74.58
DEUTNP,2000,female,80.99
DEUTNP,2000,male,74.86
DEUTNP,2001,female,81.27
DEUTNP,2001,male,75.28
DEUTNP,2002,female,81.28
DEUTNP,2002,male,75.44
DEUTNP,2003,female,81.37
DEUTNP,2003,male,75.51
DEUTNP,2004,female,81.89
DEUTNP,2004,male,76.15
DEUTNP,2005,female,81.96
DEUTNP,2005,male,76.36
DEUTNP,2006,female,82.24
DEUTNP,2006,male,76.75
DEUTNP,2007,female,82.4
DEUTNP,2007,male,76.91
DEUTNP,2008,female,82.39
DEUTNP,2008,male,77.1
DEUTNP,2009,female,82.48
DEUTNP,2009,male,77.23
DEUTNP,2010,female,82.62
DEUTNP,2010,male,77.43
DEUTNP,2011,female,82.82
DEUTNP,2011,male,77.77
DEUTNP,2012,female,82.94
DEUTNP,2012,male,77.96
DEUTNP,2013,female,82.86
DEUTNP,2013,male,77.98
DEUTNP,2014,female,83.33
DEUTNP,2014,male,78.43
DEUTNP,2015,female,82.97
DEUTNP,2015,male,78.13
DEUTNP,2016,female,83.26
DEUTNP,2016,male,78.38
DEUTNP,2017,female,83.29
DEUTNP,2017,male,78.56
DEUTNP,2018,female,83.23
DEUTNP,2018,male,78.51
DEUTNP,2019,female,83.54
DEUTNP,2019,male,78.83
DEUTNP,2020,female,83.43
DEUTNP,2020,male,78.6
DEUTE,1956,female,70.88
DEUTE,1956,male,66.39
DEUTE,1957,female,70.51
DEUTE,1957,male,65.83
DEUTE,1958,female,70.95
DEUTE,1958,male,66.48
DEUTE,1959,female,70.9
DEUTE,1959,male,66.29
DEUTE,1960,female,71.3
DEUTE,1960,male,66.48
DEUTE,1961,female,72.15
DEUTE,1961,male,67.27
DEUTE,1962,female,72.02
DEUTE,1962,male,67.28
DEUTE,1963,female,72.6
DEUTE,1963,male,67.76
DEUTE,1964,female,72.8
DEUTE,1964,male,67.89
DEUTE,1965,female,72.94
DEUTE,1965,male,67.97
DEUTE,1966,female,73.29
DEUTE,1966,male,68.36
DEUTE,1967,female,73.5
DEUTE,1967,male,68.44
DEUTE,1968,female,73.14
DEUTE,1968,male,68.03
DEUTE,1969,female,73.18
DEUTE,1969,male,67.85
DEUTE,1970,female,73.34
DEUTE,1970,male,68.14
DEUTE,1971,female,73.66
DEUTE,1971,male,68.59
DEUTE,1972,female,73.98
DEUTE,1972,male,68.69
DEUTE,1973,female,74.28
DEUTE,1973,male,68.81
DEUTE,1974,female,74.45
DEUTE,1974,male,68.96
DEUTE,1975,female,74.06
DEUTE,1975,male,68.57
DEUTE,1976,female,74.42
DEUTE,1976,male,68.86
DEUTE,1977,female,74.87
DEUTE,1977,male,69.01
DEUTE,1978,female,74.76
DEUTE,1978,male,68.83
DEUTE,1979,female,74.79
DEUTE,1979,male,68.76
DEUTE,1980,female,74.64
DEUTE,1980,male,68.71
DEUTE,1981,female,74.88
DEUTE,1981,male,69
DEUTE,1982,female,75.12
DEUTE,1982,male,69.13
DEUTE,1983,female,75.46
DEUTE,1983,male,69.51
DEUTE,1984,female,75.47
DEUTE,1984,male,69.7
DEUTE,1985,female,75.45
DEUTE,1985,male,69.56
DEUTE,1986,female,75.5
DEUTE,1986,male,69.62
DEUTE,1987,female,75.96
DEUTE,1987,male,69.88
DEUTE,1988,female,76.02
DEUTE,1988,male,69.83
DEUTE,1989,female,76.43
DEUTE,1989,male,70.18
DEUTE,1990,female,76.27
DEUTE,1990,male,69.22
DEUTE,1991,female,76.64
DEUTE,1991,male,69.44
DEUTE,1992,female,77.28
DEUTE,1992,male,70
DEUTE,1993,female,77.85
DEUTE,1993,male,70.33
DEUTE,1994,female,78.19
DEUTE,1994,male,70.67
DEUTE,1995,female,78.56
DEUTE,1995,male,71.17
DEUTE,1996,female,78.89
DEUTE,1996,male,71.68
DEUTE,1997,female,79.55
DEUTE,1997,male,72.33
DEUTE,1998,female,79.9
DEUTE,1998,male,73.07
DEUTE,1999,female,80.39
DEUTE,1999,male,73.44
DEUTE,2000,female,80.68
DEUTE,2000,male,73.72
DEUTE,2001,female,81.01
DEUTE,2001,male,74.31
DEUTE,2002,female,80.99
DEUTE,2002,male,74.43
DEUTE,2003,female,81.27
DEUTE,2003,male,74.55
DEUTE,2004,female,81.75
DEUTE,2004,male,75.16
DEUTE,2005,female,81.84
DEUTE,2005,male,75.45
DEUTE,2006,female,82.08
DEUTE,2006,male,75.75
DEUTE,2007,female,82.28
DEUTE,2007,male,76.04
DEUTE,2008,female,82.33
DEUTE,2008,male,76.21
DEUTE,2009,female,82.45
DEUTE,2009,male,76.29
DEUTE,2010,female,82.53
DEUTE,2010,male,76.48
DEUTE,2011,female,82.74
DEUTE,2011,male,76.83
DEUTE,2012,female,82.96
DEUTE,2012,male,77.03
DEUTE,2013,female,82.83
DEUTE,2013,male,76.98
DEUTE,2014,female,83.39
DEUTE,2014,male,77.41
DEUTE,2015,female,83.03
DEUTE,2015,male,77.04
DEUTE,2016,female,83.3
DEUTE,2016,male,77.46
DEUTE,2017,female,83.31
DEUTE,2017,male,77.65
DEUTE,2018,female,83.17
DEUTE,2018,male,77.52
DEUTE,2019,female,83.61
DEUTE,2019,male,77.91
DEUTE,2020,female,83.35
DEUTE,2020,male,77.47
DEUTW,1956,female,70.89
DEUTW,1956,male,65.93
DEUTW,1957,female,71.06
DEUTW,1957,male,65.82
DEUTW,1958,female,71.8
DEUTW,1958,male,66.67
DEUTW,1959,female,72.04
DEUTW,1959,male,66.8
DEUTW,1960,female,71.89
DEUTW,1960,male,66.51
DEUTW,1961,female,72.45
DEUTW,1961,male,66.97
DEUTW,1962,female,72.79
DEUTW,1962,male,67.11
DEUTW,1963,female,72.76
DEUTW,1963,male,67.07
DEUTW,1964,female,73.55
DEUTW,1964,male,67.6
DEUTW,1965,female,73.41
DEUTW,1965,male,67.59
DEUTW,1966,female,73.52
DEUTW,1966,male,67.55
DEUTW,1967,female,73.81
DEUTW,1967,male,67.74
DEUTW,1968,female,73.45
DEUTW,1968,male,67.41
DEUTW,1969,female,73.37
DEUTW,1969,male,67.16
DEUTW,1970,female,73.64
DEUTW,1970,male,67.33
DEUTW,1971,female,73.85
DEUTW,1971,male,67.47
DEUTW,1972,female,74.17
DEUTW,1972,male,67.63
DEUTW,1973,female,74.38
DEUTW,1973,male,67.85
DEUTW,1974,female,74.66
DEUTW,1974,male,68.25
DEUTW,1975,female,74.66
DEUTW,1975,male,68.07
DEUTW,1976,female,75.14
DEUTW,1976,male,68.56
DEUTW,1977,female,75.85
DEUTW,1977,male,69.2
DEUTW,1978,female,75.9
DEUTW,1978,male,69.18
DEUTW,1979,female,76.32
DEUTW,1979,male,69.65
DEUTW,1980,female,76.62
DEUTW,1980,male,69.87
DEUTW,1981,female,76.8
DEUTW,1981,male,70.14
DEUTW,1982,female,77.11
DEUTW,1982,male,70.47
DEUTW,1983,female,77.37
DEUTW,1983,male,70.73
DEUTW,1984,female,77.93
DEUTW,1984,male,71.28
DEUTW,1985,female,78.06
DEUTW,1985,male,71.5
DEUTW,1986,female,78.28
DEUTW,1986,male,71.77
DEUTW,1987,female,78.73
DEUTW,1987,male,72.14
DEUTW,1988,female,78.94
DEUTW,1988,male,72.41
DEUTW,1989,female,79.03
DEUTW,1989,male,72.56
DEUTW,1990,female,79.01
DEUTW,1990,male,72.61
DEUTW,1991,female,79.23
DEUTW,1991,male,72.76
DEUTW,1992,female,79.61
DEUTW,1992,male,73.15
DEUTW,1993,female,79.55
DEUTW,1993,male,73.19
DEUTW,1994,female,79.84
DEUTW,1994,male,73.49
DEUTW,1995,female,79.96
DEUTW,1995,male,73.59
DEUTW,1996,female,80.09
DEUTW,1996,male,73.84
DEUTW,1997,female,80.45
DEUTW,1997,male,74.25
DEUTW,1998,female,80.69
DEUTW,1998,male,74.61
DEUTW,1999,female,80.83
DEUTW,1999,male,74.85
DEUTW,2000,female,81.07
DEUTW,2000,male,75.13
DEUTW,2001,female,81.34
DEUTW,2001,male,75.51
DEUTW,2002,female,81.35
DEUTW,2002,male,75.68
DEUTW,2003,female,81.39
DEUTW,2003,male,75.74
DEUTW,2004,female,81.92
DEUTW,2004,male,76.38
DEUTW,2005,female,82
DEUTW,2005,male,76.57
DEUTW,2006,female,82.27
DEUTW,2006,male,76.99
DEUTW,2007,female,82.43
DEUTW,2007,male,77.12
DEUTW,2008,female,82.41
DEUTW,2008,male,77.32
DEUTW,2009,female,82.49
DEUTW,2009,male,77.45
DEUTW,2010,female,82.64
DEUTW,2010,male,77.66
DEUTW,2011,female,82.84
DEUTW,2011,male,77.99
DEUTW,2012,female,82.93
DEUTW,2012,male,78.18
DEUTW,2013,female,82.86
DEUTW,2013,male,78.21
DEUTW,2014,female,83.31
DEUTW,2014,male,78.66
DEUTW,2015,female,82.95
DEUTW,2015,male,78.37
DEUTW,2016,female,83.25
DEUTW,2016,male,78.63
DEUTW,2017,female,83.28
DEUTW,2017,male,78.8
DEUTW,2018,female,83.24
DEUTW,2018,male,78.77
DEUTW,2019,female,83.53
DEUTW,2019,male,79.07
DEUTW,2020,female,83.44
DEUTW,2020,male,78.9
DNK,1835,female,40.25
DNK,1835,male,36.7
DNK,1836,female,41.65
DNK,1836,male,38.48
DNK,1837,female,43.11
DNK,1837,male,40.01
DNK,1838,female,44.41
DNK,1838,male,41.91
DNK,1839,female,42.71
DNK,1839,male,41.12
DNK,1840,female,42.39
DNK,1840,male,39.87
DNK,1841,female,43.56
DNK,1841,male,41.79
DNK,1842,female,44.11
DNK,1842,male,41.04
DNK,1843,female,45.16
DNK,1843,male,42.67
DNK,1844,female,45.19
DNK,1844,male,42.97
DNK,1845,female,44.65
DNK,1845,male,42.18
DNK,1846,female,41.67
DNK,1846,male,39.23
DNK,1847,female,41.69
DNK,1847,male,39.27
DNK,1848,female,42.32
DNK,1848,male,39.36
DNK,1849,female,41.61
DNK,1849,male,37.6
DNK,1850,female,45.18
DNK,1850,male,41.91
DNK,1851,female,46.22
DNK,1851,male,42.91
DNK,1852,female,44.43
DNK,1852,male,41.72
DNK,1853,female,39.87
DNK,1853,male,37.34
DNK,1854,female,46.27
DNK,1854,male,43.2
DNK,1855,female,47.12
DNK,1855,male,45.2
DNK,1856,female,47.84
DNK,1856,male,45.69
DNK,1857,female,43.41
DNK,1857,male,41.58
DNK,1858,female,41.06
DNK,1858,male,39.01
DNK,1859,female,45.63
DNK,1859,male,43.22
DNK,1860,female,45.96
DNK,1860,male,44.22
DNK,1861,female,49.01
DNK,1861,male,46.27
DNK,1862,female,48.5
DNK,1862,male,46.68
DNK,1863,female,48.52
DNK,1863,male,46.6
DNK,1864,female,41.47
DNK,1864,male,38.97
DNK,1865,female,40.78
DNK,1865,male,38.86
DNK,1866,female,43.64
DNK,1866,male,42.18
DNK,1867,female,45.82
DNK,1867,male,44.05
DNK,1868,female,46.45
DNK,1868,male,44.83
DNK,1869,female,46.77
DNK,1869,male,45.44
DNK,1870,female,46.98
DNK,1870,male,45.05
DNK,1871,female,46.98
DNK,1871,male,45.22
DNK,1872,female,48.12
DNK,1872,male,46.78
DNK,1873,female,48.18
DNK,1873,male,46.84
DNK,1874,female,47.4
DNK,1874,male,44.74
DNK,1875,female,45.45
DNK,1875,male,43.55
DNK,1876,female,46.83
DNK,1876,male,44.91
DNK,1877,female,48.34
DNK,1877,male,46.4
DNK,1878,female,48.33
DNK,1878,male,46.81
DNK,1879,female,47.34
DNK,1879,male,45.19
DNK,1880,female,45.75
DNK,1880,male,43.86
DNK,1881,female,49.28
DNK,1881,male,47.32
DNK,1882,female,47.63
DNK,1882,male,45.79
DNK,1883,female,49.58
DNK,1883,male,47.47
DNK,1884,female,49.37
DNK,1884,male,47.7
DNK,1885,female,50.84
DNK,1885,male,48.44
DNK,1886,female,49.8
DNK,1886,male,48.16
DNK,1887,female,49.65
DNK,1887,male,47.71
DNK,1888,female,47.63
DNK,1888,male,45.75
DNK,1889,female,49.13
DNK,1889,male,46.51
DNK,1890,female,48.43
DNK,1890,male,46.11
DNK,1891,female,47.88
DNK,1891,male,45.69
DNK,1892,female,48.84
DNK,1892,male,46.02
DNK,1893,female,48.3
DNK,1893,male,45.88
DNK,1894,female,50.55
DNK,1894,male,48.22
DNK,1895,female,52.2
DNK,1895,male,49.56
DNK,1896,female,54.56
DNK,1896,male,51.32
DNK,1897,female,53.38
DNK,1897,male,50.26
DNK,1898,female,54.59
DNK,1898,male,51.65
DNK,1899,female,52.43
DNK,1899,male,48.95
DNK,1900,female,53.57
DNK,1900,male,50.25
DNK,1901,female,54.56
DNK,1901,male,50.79
DNK,1902,female,56.22
DNK,1902,male,53.15
DNK,1903,female,56.39
DNK,1903,male,53.27
DNK,1904,female,57.43
DNK,1904,male,54
DNK,1905,female,55.78
DNK,1905,male,52.97
DNK,1906,female,57.99
DNK,1906,male,54.95
DNK,1907,female,57.49
DNK,1907,male,54.71
DNK,1908,female,56.38
DNK,1908,male,53.54
DNK,1909,female,58.87
DNK,1909,male,55.85
DNK,1910,female,59.64
DNK,1910,male,56.44
DNK,1911,female,58.68
DNK,1911,male,55.24
DNK,1912,female,59.36
DNK,1912,male,56.67
DNK,1913,female,60.12
DNK,1913,male,57.63
DNK,1914,female,60.11
DNK,1914,male,56.82
DNK,1915,female,59.89
DNK,1915,male,56.91
DNK,1916,female,58.54
DNK,1916,male,55.29
DNK,1917,female,58.49
DNK,1917,male,56.03
DNK,1918,female,57.28
DNK,1918,male,55.14
DNK,1919,female,57.71
DNK,1919,male,56.08
DNK,1920,female,58.47
DNK,1920,male,56.96
DNK,1921,female,62.44
DNK,1921,male,60.91
DNK,1922,female,61.36
DNK,1922,male,59.95
DNK,1923,female,62.06
DNK,1923,male,60.27
DNK,1924,female,62.08
DNK,1924,male,60.16
DNK,1925,female,62.68
DNK,1925,male,61.19
DNK,1926,female,62.55
DNK,1926,male,60.83
DNK,1927,female,61.88
DNK,1927,male,60.54
DNK,1928,female,62.76
DNK,1928,male,60.94
DNK,1929,female,62.77
DNK,1929,male,61.18
DNK,1930,female,63.19
DNK,1930,male,61.28
DNK,1931,female,62.9
DNK,1931,male,60.88
DNK,1932,female,63.44
DNK,1932,male,61.96
DNK,1933,female,64.45
DNK,1933,male,62.74
DNK,1934,female,65.17
DNK,1934,male,63.04
DNK,1935,female,63.86
DNK,1935,male,61.94
DNK,1936,female,64.54
DNK,1936,male,62.38
DNK,1937,female,65.16
DNK,1937,male,62.75
DNK,1938,female,66.07
DNK,1938,male,63.93
DNK,1939,female,66.93
DNK,1939,male,64.69
DNK,1940,female,67.23
DNK,1940,male,65.32
DNK,1941,female,67.06
DNK,1941,male,64.86
DNK,1942,female,68.14
DNK,1942,male,66.11
DNK,1943,female,68.42
DNK,1943,male,66.44
DNK,1944,female,67.4
DNK,1944,male,65.41
DNK,1945,female,67.21
DNK,1945,male,64.99
DNK,1946,female,68.15
DNK,1946,male,66.35
DNK,1947,female,69.65
DNK,1947,male,67.44
DNK,1948,female,71.47
DNK,1948,male,68.74
DNK,1949,female,71.4
DNK,1949,male,68.85
DNK,1950,female,71.52
DNK,1950,male,69.11
DNK,1951,female,72.15
DNK,1951,male,69.71
DNK,1952,female,72.15
DNK,1952,male,69.39
DNK,1953,female,72.47
DNK,1953,male,69.88
DNK,1954,female,72.81
DNK,1954,male,69.89
DNK,1955,female,73.46
DNK,1955,male,70.39
DNK,1956,female,73.71
DNK,1956,male,70.4
DNK,1957,female,73.49
DNK,1957,male,70.15
DNK,1958,female,74.03
DNK,1958,male,70.48
DNK,1959,female,73.87
DNK,1959,male,70.59
DNK,1960,female,73.99
DNK,1960,male,70.43
DNK,1961,female,74.38
DNK,1961,male,70.56
DNK,1962,female,74.44
DNK,1962,male,70.32
DNK,1963,female,74.48
DNK,1963,male,70.41
DNK,1964,female,74.8
DNK,1964,male,70.29
DNK,1965,female,74.65
DNK,1965,male,70.19
DNK,1966,female,74.79
DNK,1966,male,70.21
DNK,1967,female,75.36
DNK,1967,male,70.62
DNK,1968,female,75.58
DNK,1968,male,70.78
DNK,1969,female,75.7
DNK,1969,male,70.86
DNK,1970,female,75.92
DNK,1970,male,70.87
DNK,1971,female,76.16
DNK,1971,male,70.8
DNK,1972,female,76.22
DNK,1972,male,70.81
DNK,1973,female,76.53
DNK,1973,male,70.97
DNK,1974,female,76.82
DNK,1974,male,70.94
DNK,1975,female,77
DNK,1975,male,71.29
DNK,1976,female,76.7
DNK,1976,male,70.93
DNK,1977,female,77.67
DNK,1977,male,71.73
DNK,1978,female,77.42
DNK,1978,male,71.52
DNK,1979,female,77.41
DNK,1979,male,71.2
DNK,1980,female,77.18
DNK,1980,male,71.18
DNK,1981,female,77.36
DNK,1981,male,71.25
DNK,1982,female,77.65
DNK,1982,male,71.6
DNK,1983,female,77.55
DNK,1983,male,71.44
DNK,1984,female,77.62
DNK,1984,male,71.66
DNK,1985,female,77.48
DNK,1985,male,71.53
DNK,1986,female,77.53
DNK,1986,male,71.77
DNK,1987,female,77.79
DNK,1987,male,71.75
DNK,1988,female,77.64
DNK,1988,male,72.04
DNK,1989,female,77.76
DNK,1989,male,71.99
DNK,1990,female,77.73
DNK,1990,male,72.02
DNK,1991,female,77.98
DNK,1991,male,72.47
DNK,1992,female,77.97
DNK,1992,male,72.56
DNK,1993,female,77.77
DNK,1993,male,72.6
DNK,1994,female,78.1
DNK,1994,male,72.78
DNK,1995,female,77.84
DNK,1995,male,72.73
DNK,1996,female,78.26
DNK,1996,male,73.06
DNK,1997,female,78.47
DNK,1997,male,73.56
DNK,1998,female,78.89
DNK,1998,male,73.94
DNK,1999,female,78.89
DNK,1999,male,74.21
DNK,2000,female,79.12
DNK,2000,male,74.44
DNK,2001,female,79.22
DNK,2001,male,74.67
DNK,2002,female,79.34
DNK,2002,male,74.8
DNK,2003,female,79.74
DNK,2003,male,75.03
DNK,2004,female,80.11
DNK,2004,male,75.41
DNK,2005,female,80.45
DNK,2005,male,75.94
DNK,2006,female,80.51
DNK,2006,male,75.9
DNK,2007,female,80.53
DNK,2007,male,76.13
DNK,2008,female,80.92
DNK,2008,male,76.48
DNK,2009,female,81.03
DNK,2009,male,76.84
DNK,2010,female,81.33
DNK,2010,male,77.12
DNK,2011,female,81.83
DNK,2011,male,77.7
DNK,2012,female,82.04
DNK,2012,male,78.07
DNK,2013,female,82.31
DNK,2013,male,78.28
DNK,2014,female,82.67
DNK,2014,male,78.57
DNK,2015,female,82.69
DNK,2015,male,78.77
DNK,2016,female,82.79
DNK,2016,male,78.95
DNK,2017,female,83.12
DNK,2017,male,79.1
DNK,2018,female,82.96
DNK,2018,male,79.02
DNK,2019,female,83.42
DNK,2019,male,79.44
DNK,2020,female,83.51
DNK,2020,male,79.58
DNK,2021,female,83.3
DNK,2021,male,79.57
DNK,2022,female,83.18
DNK,2022,male,79.43
DNK,2023,female,83.62
DNK,2023,male,79.73
DNK,2024,female,83.9
DNK,2024,male,80.17
DNK,2025,female,83.99
DNK,2025,male,80.37
ESP,1908,female,42.35
ESP,1908,male,40.5
ESP,1909,female,42.09
ESP,1909,male,39.94
ESP,1910,female,42.02
ESP,1910,male,39.71
ESP,1911,female,40.77
ESP,1911,male,38.86
ESP,1912,female,44.39
ESP,1912,male,42.52
ESP,1913,female,43.59
ESP,1913,male,41.67
ESP,1914,female,43.7
ESP,1914,male,41.89
ESP,1915,female,44.01
ESP,1915,male,42.22
ESP,1916,female,44.89
ESP,1916,male,42.98
ESP,1917,female,43.58
ESP,1917,male,41.66
ESP,1918,female,30.8
ESP,1918,male,29.94
ESP,1919,female,42.15
ESP,1919,male,39.78
ESP,1920,female,40.5
ESP,1920,male,38.31
ESP,1921,female,43.23
ESP,1921,male,40.79
ESP,1922,female,45.45
ESP,1922,male,43
ESP,1923,female,46.02
ESP,1923,male,43.51
ESP,1924,female,47.8
ESP,1924,male,44.85
ESP,1925,female,48.49
ESP,1925,male,45.51
ESP,1926,female,49.22
ESP,1926,male,46.22
ESP,1927,female,50.01
ESP,1927,male,46.99
ESP,1928,female,50.11
ESP,1928,male,47.15
ESP,1929,female,51.16
ESP,1929,male,47.85
ESP,1930,female,51.11
ESP,1930,male,47.44
ESP,1931,female,51.07
ESP,1931,male,47.55
ESP,1932,female,52.85
ESP,1932,male,49.47
ESP,1933,female,53.3
ESP,1933,male,49.92
ESP,1934,female,54.09
ESP,1934,male,50.39
ESP,1935,female,54.6
ESP,1935,male,50.73
ESP,1936,female,55.57
ESP,1936,male,46.89
ESP,1937,female,52.26
ESP,1937,male,42.91
ESP,1938,female,52.17
ESP,1938,male,43.46
ESP,1939,female,51.8
ESP,1939,male,43.11
ESP,1940,female,52.64
ESP,1940,male,44.89
ESP,1941,female,51.47
ESP,1941,male,43.47
ESP,1942,female,55.33
ESP,1942,male,49.26
ESP,1943,female,57.63
ESP,1943,male,52.13
ESP,1944,female,59.24
ESP,1944,male,53.3
ESP,1945,female,60.55
ESP,1945,male,54.99
ESP,1946,female,60.65
ESP,1946,male,54.56
ESP,1947,female,61.66
ESP,1947,male,56.55
ESP,1948,female,63.92
ESP,1948,male,58.61
ESP,1949,female,63.5
ESP,1949,male,58.32
ESP,1950,female,64.16
ESP,1950,male,59.29
ESP,1951,female,63.83
ESP,1951,male,59.1
ESP,1952,female,67.03
ESP,1952,male,62.55
ESP,1953,female,67.9
ESP,1953,male,63.49
ESP,1954,female,69.08
ESP,1954,male,64.64
ESP,1955,female,68.95
ESP,1955,male,64.38
ESP,1956,female,69.03
ESP,1956,male,64.39
ESP,1957,female,68.9
ESP,1957,male,64.16
ESP,1958,female,71.07
ESP,1958,male,66.4
ESP,1959,female,71.08
ESP,1959,male,66.24
ESP,1960,female,71.66
ESP,1960,male,66.67
ESP,1961,female,71.96
ESP,1961,male,67.08
ESP,1962,female,72.07
ESP,1962,male,67.08
ESP,1963,female,72.36
ESP,1963,male,67.12
ESP,1964,female,73.13
ESP,1964,male,67.78
ESP,1965,female,73.56
ESP,1965,male,68.17
ESP,1966,female,73.78
ESP,1966,male,68.46
ESP,1967,female,74.06
ESP,1967,male,68.57
ESP,1968,female,74.37
ESP,1968,male,68.87
ESP,1969,female,73.88
ESP,1969,male,68.34
ESP,1970,female,74.87
ESP,1970,male,69.32
ESP,1971,female,74.56
ESP,1971,male,68.84
ESP,1972,female,75.64
ESP,1972,male,70.15
ESP,1973,female,75.52
ESP,1973,male,69.85
ESP,1974,female,75.93
ESP,1974,male,70.17
ESP,1975,female,76.35
ESP,1975,male,70.54
ESP,1976,female,76.71
ESP,1976,male,70.81
ESP,1977,female,77.23
ESP,1977,male,71.28
ESP,1978,female,77.48
ESP,1978,male,71.42
ESP,1979,female,78.05
ESP,1979,male,71.84
ESP,1980,female,78.55
ESP,1980,male,72.39
ESP,1981,female,78.77
ESP,1981,male,72.53
ESP,1982,female,79.35
ESP,1982,male,73.17
ESP,1983,female,79.13
ESP,1983,male,72.96
ESP,1984,female,79.68
ESP,1984,male,73.2
ESP,1985,female,79.66
ESP,1985,male,73.1
ESP,1986,female,79.89
ESP,1986,male,73.44
ESP,1987,female,80.24
ESP,1987,male,73.61
ESP,1988,female,80.29
ESP,1988,male,73.56
ESP,1989,female,80.5
ESP,1989,male,73.47
ESP,1990,female,80.56
ESP,1990,male,73.43
ESP,1991,female,80.75
ESP,1991,male,73.51
ESP,1992,female,81.26
ESP,1992,male,73.91
ESP,1993,female,81.34
ESP,1993,male,74.11
ESP,1994,female,81.72
ESP,1994,male,74.5
ESP,1995,female,81.84
ESP,1995,male,74.56
ESP,1996,female,82
ESP,1996,male,74.69
ESP,1997,female,82.35
ESP,1997,male,75.33
ESP,1998,female,82.42
ESP,1998,male,75.45
ESP,1999,female,82.43
ESP,1999,male,75.46
ESP,2000,female,82.85
ESP,2000,male,75.97
ESP,2001,female,83.16
ESP,2001,male,76.29
ESP,2002,female,83.24
ESP,2002,male,76.39
ESP,2003,female,83.07
ESP,2003,male,76.42
ESP,2004,female,83.65
ESP,2004,male,76.98
ESP,2005,female,83.61
ESP,2005,male,77.02
ESP,2006,female,84.2
ESP,2006,male,77.69
ESP,2007,female,84.16
ESP,2007,male,77.75
ESP,2008,female,84.34
ESP,2008,male,78.18
ESP,2009,female,84.64
ESP,2009,male,78.57
ESP,2010,female,84.99
ESP,2010,male,78.97
ESP,2011,female,85.08
ESP,2011,male,79.22
ESP,2012,female,85.05
ESP,2012,male,79.28
ESP,2013,female,85.48
ESP,2013,male,79.82
ESP,2014,female,85.58
ESP,2014,male,80
ESP,2015,female,85.35
ESP,2015,male,79.81
ESP,2016,female,85.76
ESP,2016,male,80.17
ESP,2017,female,85.66
ESP,2017,male,80.24
ESP,2018,female,85.79
ESP,2018,male,80.34
ESP,2019,female,86.16
ESP,2019,male,80.73
ESP,2020,female,85.01
ESP,2020,male,79.47
ESP,2021,female,85.79
ESP,2021,male,80.15
ESP,2022,female,85.71
ESP,2022,male,80.32
ESP,2023,female,86.33
ESP,2023,male,81.07
EST,1959,female,71.98
EST,1959,male,64.41
EST,1960,female,73.02
EST,1960,male,64.68
EST,1961,female,73.28
EST,1961,male,65.07
EST,1962,female,73.18
EST,1962,male,65.59
EST,1963,female,73.54
EST,1963,male,65.3
EST,1964,female,74.04
EST,1964,male,66.3
EST,1965,female,74.25
EST,1965,male,66.3
EST,1966,female,74.28
EST,1966,male,66.21
EST,1967,female,74.72
EST,1967,male,66.35
EST,1968,female,74.46
EST,1968,male,65.91
EST,1969,female,74.43
EST,1969,male,65.37
EST,1970,female,74.56
EST,1970,male,65.51
EST,1971,female,74.78
EST,1971,male,65.68
EST,1972,female,74.64
EST,1972,male,65.44
EST,1973,female,74.66
EST,1973,male,66.01
EST,1974,female,75.06
EST,1974,male,65.85
EST,1975,female,74.75
EST,1975,male,64.91
EST,1976,female,74.4
EST,1976,male,64.53
EST,1977,female,74.49
EST,1977,male,64.65
EST,1978,female,74.54
EST,1978,male,64.31
EST,1979,female,74.21
EST,1979,male,64.15
EST,1980,female,74.27
EST,1980,male,64.21
EST,1981,female,74.13
EST,1981,male,64.11
EST,1982,female,74.72
EST,1982,male,64.58
EST,1983,female,74.84
EST,1983,male,64.36
EST,1984,female,74.28
EST,1984,male,64.6
EST,1985,female,74.49
EST,1985,male,64.66
EST,1986,female,75.1
EST,1986,male,66.17
EST,1987,female,75.06
EST,1987,male,66.29
EST,1988,female,75.02
EST,1988,male,66.44
EST,1989,female,74.89
EST,1989,male,65.69
EST,1990,female,74.91
EST,1990,male,64.7
EST,1991,female,74.97
EST,1991,male,64.47
EST,1992,female,74.77
EST,1992,male,63.51
EST,1993,female,74.08
EST,1993,male,62.48
EST,1994,female,72.99
EST,1994,male,60.82
EST,1995,female,74.35
EST,1995,male,61.62
EST,1996,female,75.59
EST,1996,male,64.43
EST,1997,female,75.93
EST,1997,male,64.54
EST,1998,female,75.44
EST,1998,male,64.28
EST,1999,female,76.11
EST,1999,male,65.16
EST,2000,female,76.32
EST,2000,male,65.6
EST,2001,female,76.51
EST,2001,male,65.15
EST,2002,female,77.19
EST,2002,male,65.56
EST,2003,female,77.28
EST,2003,male,66.45
EST,2004,female,77.96
EST,2004,male,66.72
EST,2005,female,78.29
EST,2005,male,67.57
EST,2006,female,78.59
EST,2006,male,67.64
EST,2007,female,78.76
EST,2007,male,67.46
EST,2008,female,79.4
EST,2008,male,68.89
EST,2009,female,80.02
EST,2009,male,69.97
EST,2010,female,80.51
EST,2010,male,70.83
EST,2011,female,80.97
EST,2011,male,71.3
EST,2012,female,81.13
EST,2012,male,71.33
EST,2013,female,81.3
EST,2013,male,72.71
EST,2014,female,81.47
EST,2014,male,72.29
EST,2015,female,81.78
EST,2015,male,73.08
EST,2016,female,81.85
EST,2016,male,73.19
EST,2017,female,82.27
EST,2017,male,73.66
EST,2018,female,82.39
EST,2018,male,73.87
EST,2019,female,82.71
EST,2019,male,74.41
EST,2020,female,82.72
EST,2020,male,74.37
EST,2021,female,81.35
EST,2021,male,72.72
EST,2022,female,82.25
EST,2022,male,73.59
EST,2023,female,83.05
EST,2023,male,74.48
EST,2024,female,83.43
EST,2024,male,75.07
FIN,1878,female,40.26
FIN,1878,male,38.4
FIN,1879,female,46.08
FIN,1879,male,43.72
FIN,1880,female,41.17
FIN,1880,male,38.25
FIN,1881,female,39.02
FIN,1881,male,36.4
FIN,1882,female,41.81
FIN,1882,male,38.84
FIN,1883,female,44.39
FIN,1883,male,41.14
FIN,1884,female,44.46
FIN,1884,male,41.32
FIN,1885,female,42.5
FIN,1885,male,40.07
FIN,1886,female,42.29
FIN,1886,male,39.47
FIN,1887,female,46.69
FIN,1887,male,44.37
FIN,1888,female,46.35
FIN,1888,male,44.02
FIN,1889,female,46.35
FIN,1889,male,43.5
FIN,1890,female,46.15
FIN,1890,male,43.09
FIN,1891,female,43.97
FIN,1891,male,41.27
FIN,1892,female,41.35
FIN,1892,male,38.23
FIN,1893,female,45
FIN,1893,male,41.75
FIN,1894,female,46.39
FIN,1894,male,43.97
FIN,1895,female,49.24
FIN,1895,male,45.99
FIN,1896,female,47.76
FIN,1896,male,45.28
FIN,1897,female,49.43
FIN,1897,male,46.78
FIN,1898,female,49.36
FIN,1898,male,46.78
FIN,1899,female,45.64
FIN,1899,male,43.07
FIN,1900,female,43.24
FIN,1900,male,40.41
FIN,1901,female,44.16
FIN,1901,male,41.54
FIN,1902,female,47.56
FIN,1902,male,44.87
FIN,1903,female,48.03
FIN,1903,male,45.12
FIN,1904,female,48.44
FIN,1904,male,45.95
FIN,1905,female,47.6
FIN,1905,male,44.52
FIN,1906,female,48.68
FIN,1906,male,45.4
FIN,1907,female,48.59
FIN,1907,male,45.35
FIN,1908,female,47.68
FIN,1908,male,44.54
FIN,1909,female,50.18
FIN,1909,male,47.2
FIN,1910,female,49.9
FIN,1910,male,47.07
FIN,1911,female,50.44
FIN,1911,male,47.03
FIN,1912,female,50.77
FIN,1912,male,47.49
FIN,1913,female,50.78
FIN,1913,male,47.32
FIN,1914,female,51.31
FIN,1914,male,48.15
FIN,1915,female,51.13
FIN,1915,male,47.99
FIN,1916,female,49.7
FIN,1916,male,46.27
FIN,1917,female,48.39
FIN,1917,male,44.74
FIN,1918,female,43.66
FIN,1918,male,26.37
FIN,1919,female,45.35
FIN,1919,male,40.38
FIN,1920,female,50.04
FIN,1920,male,45.37
FIN,1921,female,54.76
FIN,1921,male,50.06
FIN,1922,female,54.18
FIN,1922,male,49.71
FIN,1923,female,54.91
FIN,1923,male,50.07
FIN,1924,female,52.71
FIN,1924,male,47.88
FIN,1925,female,55.95
FIN,1925,male,50.83
FIN,1926,female,56.23
FIN,1926,male,51.37
FIN,1927,female,54.39
FIN,1927,male,49.32
FIN,1928,female,56.18
FIN,1928,male,51.22
FIN,1929,female,53.88
FIN,1929,male,48.82
FIN,1930,female,57.02
FIN,1930,male,51.91
FIN,1931,female,57.27
FIN,1931,male,52.47
FIN,1932,female,58.21
FIN,1932,male,53.29
FIN,1933,female,58.12
FIN,1933,male,52.69
FIN,1934,female,58.66
FIN,1934,male,53.35
FIN,1935,female,59.94
FIN,1935,male,54.78
FIN,1936,female,58.51
FIN,1936,male,53.81
FIN,1937,female,59.77
FIN,1937,male,54.33
FIN,1938,female,59.74
FIN,1938,male,54.66
FIN,1939,female,59.78
FIN,1939,male,50.02
FIN,1940,female,58.08
FIN,1940,male,38.76
FIN,1941,female,60.66
FIN,1941,male,37.04
FIN,1942,female,61.49
FIN,1942,male,47.39
FIN,1943,female,61.92
FIN,1943,male,51.05
FIN,1944,female,59.19
FIN,1944,male,39.49
FIN,1945,female,60.78
FIN,1945,male,52.9
FIN,1946,female,64.58
FIN,1946,male,56.34
FIN,1947,female,64.58
FIN,1947,male,56.44
FIN,1948,female,65.97
FIN,1948,male,57.91
FIN,1949,female,66.14
FIN,1949,male,57.66
FIN,1950,female,67.92
FIN,1950,male,60.38
FIN,1951,female,68.83
FIN,1951,male,62.26
FIN,1952,female,69.48
FIN,1952,male,63.34
FIN,1953,female,69.76
FIN,1953,male,63.25
FIN,1954,female,70.65
FIN,1954,male,64.23
FIN,1955,female,70.66
FIN,1955,male,63.84
FIN,1956,female,71.18
FIN,1956,male,64.58
FIN,1957,female,70.6
FIN,1957,male,64.11
FIN,1958,female,71.72
FIN,1958,male,65.29
FIN,1959,female,72.16
FIN,1959,male,65.24
FIN,1960,female,72.4
FIN,1960,male,65.41
FIN,1961,female,72.24
FIN,1961,male,65.6
FIN,1962,female,72.25
FIN,1962,male,65.1
FIN,1963,female,72.69
FIN,1963,male,65.52
FIN,1964,female,72.96
FIN,1964,male,65.66
FIN,1965,female,72.86
FIN,1965,male,65.3
FIN,1966,female,73.18
FIN,1966,male,65.96
FIN,1967,female,73.59
FIN,1967,male,65.93
FIN,1968,female,73.57
FIN,1968,male,65.88
FIN,1969,female,73.57
FIN,1969,male,65.64
FIN,1970,female,74.4
FIN,1970,male,66.16
FIN,1971,female,74.32
FIN,1971,male,65.91
FIN,1972,female,75.03
FIN,1972,male,66.61
FIN,1973,female,75.68
FIN,1973,male,66.97
FIN,1974,female,75.56
FIN,1974,male,66.93
FIN,1975,female,76.14
FIN,1975,male,67.43
FIN,1976,female,76.33
FIN,1976,male,67.54
FIN,1977,female,76.96
FIN,1977,male,67.96
FIN,1978,female,77.43
FIN,1978,male,68.58
FIN,1979,female,77.55
FIN,1979,male,68.98
FIN,1980,female,77.86
FIN,1980,male,69.24
FIN,1981,female,78.11
FIN,1981,male,69.62
FIN,1982,female,78.59
FIN,1982,male,70.22
FIN,1983,female,78.36
FIN,1983,male,70.25
FIN,1984,female,78.76
FIN,1984,male,70.49
FIN,1985,female,78.52
FIN,1985,male,70.15
FIN,1986,female,78.76
FIN,1986,male,70.57
FIN,1987,female,78.71
FIN,1987,male,70.67
FIN,1988,female,78.69
FIN,1988,male,70.66
FIN,1989,female,78.9
FIN,1989,male,70.87
FIN,1990,female,78.88
FIN,1990,male,70.94
FIN,1991,female,79.32
FIN,1991,male,71.33
FIN,1992,female,79.44
FIN,1992,male,71.67
FIN,1993,female,79.48
FIN,1993,male,72.11
FIN,1994,female,80.15
FIN,1994,male,72.8
FIN,1995,female,80.21
FIN,1995,male,72.81
FIN,1996,female,80.55
FIN,1996,male,73.03
FIN,1997,female,80.51
FIN,1997,male,73.43
FIN,1998,female,80.84
FIN,1998,male,73.52
FIN,1999,female,81.03
FIN,1999,male,73.74
FIN,2000,female,81.02
FIN,2000,male,74.16
FIN,2001,female,81.54
FIN,2001,male,74.58
FIN,2002,female,81.53
FIN,2002,male,74.87
FIN,2003,female,81.81
FIN,2003,male,75.13
FIN,2004,female,82.27
FIN,2004,male,75.31
FIN,2005,female,82.3
FIN,2005,male,75.53
FIN,2006,female,82.83
FIN,2006,male,75.82
FIN,2007,female,82.86
FIN,2007,male,75.87
FIN,2008,female,83.01
FIN,2008,male,76.32
FIN,2009,female,83.11
FIN,2009,male,76.48
FIN,2010,female,83.24
FIN,2010,male,76.72
FIN,2011,female,83.54
FIN,2011,male,77.19
FIN,2012,female,83.41
FIN,2012,male,77.51
FIN,2013,female,83.82
FIN,2013,male,77.86
FIN,2014,female,83.87
FIN,2014,male,78.18
FIN,2015,female,84.15
FIN,2015,male,78.54
FIN,2016,female,84.12
FIN,2016,male,78.44
FIN,2017,female,84.22
FIN,2017,male,78.72
FIN,2018,female,84.31
FIN,2018,male,78.91
FIN,2019,female,84.52
FIN,2019,male,79.18
FIN,2020,female,84.62
FIN,2020,male,79.03
FIN,2021,female,84.48
FIN,2021,male,79.15
FIN,2022,female,83.8
FIN,2022,male,78.64
FIN,2023,female,84.2
FIN,2023,male,78.97
FIN,2024,female,84.82
FIN,2024,male,79.69
FRATNP,1816,female,41.12
FRATNP,1816,male,39.08
FRATNP,1817,female,40.23
FRATNP,1817,male,38.25
FRATNP,1818,female,39.1
FRATNP,1818,male,38.12
FRATNP,1819,female,37.94
FRATNP,1819,male,36.75
FRATNP,1820,female,39.98
FRATNP,1820,male,38.62
FRATNP,1821,female,40.43
FRATNP,1821,male,39.37
FRATNP,1822,female,39.04
FRATNP,1822,male,37.72
FRATNP,1823,female,40.82
FRATNP,1823,male,39.29
FRATNP,1824,female,39.97
FRATNP,1824,male,38.5
FRATNP,1825,female,39.07
FRATNP,1825,male,38.13
FRATNP,1826,female,38.33
FRATNP,1826,male,37.31
FRATNP,1827,female,40.14
FRATNP,1827,male,38.72
FRATNP,1828,female,38.31
FRATNP,1828,male,36.94
FRATNP,1829,female,40.27
FRATNP,1829,male,38.65
FRATNP,1830,female,40.37
FRATNP,1830,male,38.93
FRATNP,1831,female,40.57
FRATNP,1831,male,38.95
FRATNP,1832,female,36.54
FRATNP,1832,male,35.27
FRATNP,1833,female,39.59
FRATNP,1833,male,38.22
FRATNP,1834,female,35.81
FRATNP,1834,male,34.42
FRATNP,1835,female,40.45
FRATNP,1835,male,38.63
FRATNP,1836,female,42.79
FRATNP,1836,male,41.24
FRATNP,1837,female,40
FRATNP,1837,male,38.87
FRATNP,1838,female,40.01
FRATNP,1838,male,38.75
FRATNP,1839,female,41.56
FRATNP,1839,male,40.36
FRATNP,1840,female,41.17
FRATNP,1840,male,39.68
FRATNP,1841,female,41.76
FRATNP,1841,male,39.71
FRATNP,1842,female,40.91
FRATNP,1842,male,39.18
FRATNP,1843,female,41.42
FRATNP,1843,male,40.17
FRATNP,1844,female,42.97
FRATNP,1844,male,41.71
FRATNP,1845,female,44.22
FRATNP,1845,male,43
FRATNP,1846,female,41.32
FRATNP,1846,male,40.09
FRATNP,1847,female,41.21
FRATNP,1847,male,39.71
FRATNP,1848,female,41.13
FRATNP,1848,male,39.54
FRATNP,1849,female,36.7
FRATNP,1849,male,35.23
FRATNP,1850,female,44
FRATNP,1850,male,42.63
FRATNP,1851,female,42.41
FRATNP,1851,male,41.21
FRATNP,1852,female,41.95
FRATNP,1852,male,40.76
FRATNP,1853,female,43.24
FRATNP,1853,male,41.9
FRATNP,1854,female,37.02
FRATNP,1854,male,35.36
FRATNP,1855,female,39.5
FRATNP,1855,male,35.81
FRATNP,1856,female,41.32
FRATNP,1856,male,39.13
FRATNP,1857,female,40.16
FRATNP,1857,male,39.07
FRATNP,1858,female,40.06
FRATNP,1858,male,39.38
FRATNP,1859,female,35.94
FRATNP,1859,male,34.75
FRATNP,1860,female,43.87
FRATNP,1860,male,42.85
FRATNP,1861,female,41.03
FRATNP,1861,male,40.15
FRATNP,1862,female,43.31
FRATNP,1862,male,42.11
FRATNP,1863,female,42.45
FRATNP,1863,male,41.21
FRATNP,1864,female,42.78
FRATNP,1864,male,41.37
FRATNP,1865,female,40.93
FRATNP,1865,male,39.5
FRATNP,1866,female,42.57
FRATNP,1866,male,41.11
FRATNP,1867,female,43.21
FRATNP,1867,male,41.65
FRATNP,1868,female,41.19
FRATNP,1868,male,39.43
FRATNP,1869,female,42.12
FRATNP,1869,male,40.17
FRATNP,1870,female,38.47
FRATNP,1870,male,34.77
FRATNP,1871,female,32.58
FRATNP,1871,male,27.34
FRATNP,1872,female,43.63
FRATNP,1872,male,41.44
FRATNP,1873,female,42.81
FRATNP,1873,male,40.97
FRATNP,1874,female,45.28
FRATNP,1874,male,43.36
FRATNP,1875,female,44.11
FRATNP,1875,male,42.33
FRATNP,1876,female,44.72
FRATNP,1876,male,42.53
FRATNP,1877,female,45.31
FRATNP,1877,male,43.33
FRATNP,1878,female,44.42
FRATNP,1878,male,42.37
FRATNP,1879,female,45.09
FRATNP,1879,male,42.92
FRATNP,1880,female,43.81
FRATNP,1880,male,41.84
FRATNP,1881,female,44.66
FRATNP,1881,male,42.38
FRATNP,1882,female,44.41
FRATNP,1882,male,41.93
FRATNP,1883,female,44.55
FRATNP,1883,male,42.06
FRATNP,1884,female,43.78
FRATNP,1884,male,41.23
FRATNP,1885,female,45.28
FRATNP,1885,male,42.68
FRATNP,1886,female,44.49
FRATNP,1886,male,41.91
FRATNP,1887,female,44.99
FRATNP,1887,male,42.51
FRATNP,1888,female,45.68
FRATNP,1888,male,42.71
FRATNP,1889,female,46.97
FRATNP,1889,male,44.17
FRATNP,1890,female,44.84
FRATNP,1890,male,42.11
FRATNP,1891,female,45.56
FRATNP,1891,male,42.75
FRATNP,1892,female,45.03
FRATNP,1892,male,42.18
FRATNP,1893,female,45.14
FRATNP,1893,male,42.05
FRATNP,1894,female,47.15
FRATNP,1894,male,43.93
FRATNP,1895,female,46.91
FRATNP,1895,male,43.71
FRATNP,1896,female,49.13
FRATNP,1896,male,45.94
FRATNP,1897,female,49.55
FRATNP,1897,male,46.29
FRATNP,1898,female,47.69
FRATNP,1898,male,44.4
FRATNP,1899,female,46.95
FRATNP,1899,male,43.47
FRATNP,1900,female,46.95
FRATNP,1900,male,43.34
FRATNP,1901,female,48.86
FRATNP,1901,male,45.23
FRATNP,1902,female,49.77
FRATNP,1902,male,46.28
FRATNP,1903,female,50.12
FRATNP,1903,male,46.76
FRATNP,1904,female,49.78
FRATNP,1904,male,46.43
FRATNP,1905,female,50.27
FRATNP,1905,male,46.57
FRATNP,1906,female,49.67
FRATNP,1906,male,45.89
FRATNP,1907,female,50.26
FRATNP,1907,male,46.46
FRATNP,1908,female,51.3
FRATNP,1908,male,47.4
FRATNP,1909,female,52.04
FRATNP,1909,male,48.08
FRATNP,1910,female,53.33
FRATNP,1910,male,49.47
FRATNP,1911,female,50.16
FRATNP,1911,male,46.35
FRATNP,1912,female,53.73
FRATNP,1912,male,49.48
FRATNP,1913,female,53.43
FRATNP,1913,male,49.4
FRATNP,1914,female,53.29
FRATNP,1914,male,29.37
FRATNP,1915,female,52.73
FRATNP,1915,male,27.28
FRATNP,1916,female,52.39
FRATNP,1916,male,30.84
FRATNP,1917,female,51.89
FRATNP,1917,male,35.49
FRATNP,1918,female,42.97
FRATNP,1918,male,28.37
FRATNP,1919,female,50.32
FRATNP,1919,male,43.86
FRATNP,1920,female,53.71
FRATNP,1920,male,49.94
FRATNP,1921,female,54.77
FRATNP,1921,male,50.63
FRATNP,1922,female,56.85
FRATNP,1922,male,52.94
FRATNP,1923,female,56.67
FRATNP,1923,male,52.53
FRATNP,1924,female,57.4
FRATNP,1924,male,53.02
FRATNP,1925,female,56.7
FRATNP,1925,male,52.05
FRATNP,1926,female,56.18
FRATNP,1926,male,51.77
FRATNP,1927,female,57.8
FRATNP,1927,male,53.68
FRATNP,1928,female,57.56
FRATNP,1928,male,53.28
FRATNP,1929,female,56.55
FRATNP,1929,male,51.97
FRATNP,1930,female,59.31
FRATNP,1930,male,54.32
FRATNP,1931,female,59.27
FRATNP,1931,male,54.54
FRATNP,1932,female,59.73
FRATNP,1932,male,54.72
FRATNP,1933,female,60.2
FRATNP,1933,male,55.11
FRATNP,1934,female,61.2
FRATNP,1934,male,55.45
FRATNP,1935,female,61.17
FRATNP,1935,male,55.44
FRATNP,1936,female,61.71
FRATNP,1936,male,55.84
FRATNP,1937,female,62.13
FRATNP,1937,male,56.13
FRATNP,1938,female,62.03
FRATNP,1938,male,55.87
FRATNP,1939,female,62.6
FRATNP,1939,male,56.52
FRATNP,1940,female,59.04
FRATNP,1940,male,42.29
FRATNP,1941,female,61.22
FRATNP,1941,male,53.77
FRATNP,1942,female,61.46
FRATNP,1942,male,53.59
FRATNP,1943,female,58.09
FRATNP,1943,male,48.86
FRATNP,1944,female,53.64
FRATNP,1944,male,41.71
FRATNP,1945,female,58.59
FRATNP,1945,male,51.37
FRATNP,1946,female,64.96
FRATNP,1946,male,59.65
FRATNP,1947,female,66.65
FRATNP,1947,male,61.13
FRATNP,1948,female,68.73
FRATNP,1948,male,62.72
FRATNP,1949,female,67.52
FRATNP,1949,male,62.16
FRATNP,1950,female,69.19
FRATNP,1950,male,63.43
FRATNP,1951,female,68.9
FRATNP,1951,male,63.17
FRATNP,1952,female,70.22
FRATNP,1952,male,64.41
FRATNP,1953,female,70.23
FRATNP,1953,male,64.29
FRATNP,1954,female,71.21
FRATNP,1954,male,65.03
FRATNP,1955,female,71.54
FRATNP,1955,male,65.23
FRATNP,1956,female,71.67
FRATNP,1956,male,65.17
FRATNP,1957,female,72.21
FRATNP,1957,male,65.49
FRATNP,1958,female,73.23
FRATNP,1958,male,66.85
FRATNP,1959,female,73.36
FRATNP,1959,male,66.86
FRATNP,1960,female,73.61
FRATNP,1960,male,67.02
FRATNP,1961,female,74.37
FRATNP,1961,male,67.46
FRATNP,1962,female,73.9
FRATNP,1962,male,66.99
FRATNP,1963,female,73.81
FRATNP,1963,male,66.81
FRATNP,1964,female,74.82
FRATNP,1964,male,67.68
FRATNP,1965,female,74.72
FRATNP,1965,male,67.47
FRATNP,1966,female,75.18
FRATNP,1966,male,67.82
FRATNP,1967,female,75.2
FRATNP,1967,male,67.79
FRATNP,1968,female,75.22
FRATNP,1968,male,67.76
FRATNP,1969,female,75.05
FRATNP,1969,male,67.41
FRATNP,1970,female,75.81
FRATNP,1970,male,68.37
FRATNP,1971,female,75.88
FRATNP,1971,male,68.31
FRATNP,1972,female,76.19
FRATNP,1972,male,68.48
FRATNP,1973,female,76.32
FRATNP,1973,male,68.69
FRATNP,1974,female,76.75
FRATNP,1974,male,68.93
FRATNP,1975,female,76.87
FRATNP,1975,male,69.02
FRATNP,1976,female,77.2
FRATNP,1976,male,69.15
FRATNP,1977,female,77.84
FRATNP,1977,male,69.7
FRATNP,1978,female,77.96
FRATNP,1978,male,69.82
FRATNP,1979,female,78.28
FRATNP,1979,male,70.05
FRATNP,1980,female,78.4
FRATNP,1980,male,70.15
FRATNP,1981,female,78.5
FRATNP,1981,male,70.37
FRATNP,1982,female,78.89
FRATNP,1982,male,70.71
FRATNP,1983,female,78.82
FRATNP,1983,male,70.73
FRATNP,1984,female,79.35
FRATNP,1984,male,71.14
FRATNP,1985,female,79.45
FRATNP,1985,male,71.24
FRATNP,1986,female,79.71
FRATNP,1986,male,71.5
FRATNP,1987,female,80.29
FRATNP,1987,male,72.03
FRATNP,1988,female,80.48
FRATNP,1988,male,72.32
FRATNP,1989,female,80.66
FRATNP,1989,male,72.45
FRATNP,1990,female,80.97
FRATNP,1990,male,72.72
FRATNP,1991,female,81.17
FRATNP,1991,male,72.88
FRATNP,1992,female,81.45
FRATNP,1992,male,73.15
FRATNP,1993,female,81.46
FRATNP,1993,male,73.25
FRATNP,1994,female,81.88
FRATNP,1994,male,73.64
FRATNP,1995,female,81.9
FRATNP,1995,male,73.83
FRATNP,1996,female,82.05
FRATNP,1996,male,74.06
FRATNP,1997,female,82.3
FRATNP,1997,male,74.51
FRATNP,1998,female,82.41
FRATNP,1998,male,74.72
FRATNP,1999,female,82.51
FRATNP,1999,male,74.94
FRATNP,2000,female,82.8
FRATNP,2000,male,75.24
FRATNP,2001,female,82.94
FRATNP,2001,male,75.43
FRATNP,2002,female,83.03
FRATNP,2002,male,75.7
FRATNP,2003,female,82.95
FRATNP,2003,male,75.81
FRATNP,2004,female,83.86
FRATNP,2004,male,76.67
FRATNP,2005,female,83.83
FRATNP,2005,male,76.72
FRATNP,2006,female,84.18
FRATNP,2006,male,77.16
FRATNP,2007,female,84.39
FRATNP,2007,male,77.38
FRATNP,2008,female,84.34
FRATNP,2008,male,77.58
FRATNP,2009,female,84.44
FRATNP,2009,male,77.74
FRATNP,2010,female,84.67
FRATNP,2010,male,77.99
FRATNP,2011,female,85.01
FRATNP,2011,male,78.4
FRATNP,2012,female,84.86
FRATNP,2012,male,78.46
FRATNP,2013,female,85.05
FRATNP,2013,male,78.73
FRATNP,2014,female,85.45
FRATNP,2014,male,79.23
FRATNP,2015,female,85.16
FRATNP,2015,male,78.98
FRATNP,2016,female,85.35
FRATNP,2016,male,79.28
FRATNP,2017,female,85.31
FRATNP,2017,male,79.4
FRATNP,2018,female,85.44
FRATNP,2018,male,79.53
FRATNP,2019,female,85.57
FRATNP,2019,male,79.74
FRATNP,2020,female,85.13
FRATNP,2020,male,79.17
FRATNP,2021,female,85.29
FRATNP,2021,male,79.26
FRATNP,2022,female,85.14
FRATNP,2022,male,79.36
FRATNP,2023,female,85.64
FRATNP,2023,male,80.01
FRACNP,1816,female,41.12
FRACNP,1816,male,39.08
FRACNP,1817,female,40.23
FRACNP,1817,male,38.25
FRACNP,1818,female,39.1
FRACNP,1818,male,38.12
FRACNP,1819,female,37.94
FRACNP,1819,male,36.75
FRACNP,1820,female,39.98
FRACNP,1820,male,38.62
FRACNP,1821,female,40.43
FRACNP,1821,male,39.37
FRACNP,1822,female,39.04
FRACNP,1822,male,37.72
FRACNP,1823,female,40.82
FRACNP,1823,male,39.29
FRACNP,1824,female,39.97
FRACNP,1824,male,38.5
FRACNP,1825,female,39.07
FRACNP,1825,male,38.13
FRACNP,1826,female,38.33
FRACNP,1826,male,37.31
FRACNP,1827,female,40.14
FRACNP,1827,male,38.72
FRACNP,1828,female,38.31
FRACNP,1828,male,36.94
FRACNP,1829,female,40.27
FRACNP,1829,male,38.65
FRACNP,1830,female,40.37
FRACNP,1830,male,38.93
FRACNP,1831,female,40.57
FRACNP,1831,male,38.95
FRACNP,1832,female,36.54
FRACNP,1832,male,35.27
FRACNP,1833,female,39.59
FRACNP,1833,male,38.22
FRACNP,1834,female,35.81
FRACNP,1834,male,34.42
FRACNP,1835,female,40.45
FRACNP,1835,male,38.63
FRACNP,1836,female,42.79
FRACNP,1836,male,41.24
FRACNP,1837,female,40
FRACNP,1837,male,38.87
FRACNP,1838,female,40.01
FRACNP,1838,male,38.75
FRACNP,1839,female,41.56
FRACNP,1839,male,40.36
FRACNP,1840,female,41.17
FRACNP,1840,male,39.68
FRACNP,1841,female,41.76
FRACNP,1841,male,39.71
FRACNP,1842,female,40.91
FRACNP,1842,male,39.18
FRACNP,1843,female,41.42
FRACNP,1843,male,40.17
FRACNP,1844,female,42.97
FRACNP,1844,male,41.71
FRACNP,1845,female,44.22
FRACNP,1845,male,43
FRACNP,1846,female,41.32
FRACNP,1846,male,40.09
FRACNP,1847,female,41.21
FRACNP,1847,male,39.71
FRACNP,1848,female,41.13
FRACNP,1848,male,39.54
FRACNP,1849,female,36.7
FRACNP,1849,male,35.23
FRACNP,1850,female,44
FRACNP,1850,male,42.63
FRACNP,1851,female,42.41
FRACNP,1851,male,41.21
FRACNP,1852,female,41.95
FRACNP,1852,male,40.76
FRACNP,1853,female,43.24
FRACNP,1853,male,41.9
FRACNP,1854,female,37.02
FRACNP,1854,male,35.36
FRACNP,1855,female,39.5
FRACNP,1855,male,35.81
FRACNP,1856,female,41.32
FRACNP,1856,male,39.13
FRACNP,1857,female,40.16
FRACNP,1857,male,39.07
FRACNP,1858,female,40.06
FRACNP,1858,male,39.38
FRACNP,1859,female,35.94
FRACNP,1859,male,34.75
FRACNP,1860,female,43.87
FRACNP,1860,male,42.85
FRACNP,1861,female,41.03
FRACNP,1861,male,40.15
FRACNP,1862,female,43.31
FRACNP,1862,male,42.11
FRACNP,1863,female,42.45
FRACNP,1863,male,41.21
FRACNP,1864,female,42.78
FRACNP,1864,male,41.37
FRACNP,1865,female,40.93
FRACNP,1865,male,39.5
FRACNP,1866,female,42.57
FRACNP,1866,male,41.11
FRACNP,1867,female,43.21
FRACNP,1867,male,41.65
FRACNP,1868,female,41.19
FRACNP,1868,male,39.43
FRACNP,1869,female,42.12
FRACNP,1869,male,40.17
FRACNP,1870,female,38.47
FRACNP,1870,male,34.77
FRACNP,1871,female,32.58
FRACNP,1871,male,27.34
FRACNP,1872,female,43.63
FRACNP,1872,male,41.44
FRACNP,1873,female,42.81
FRACNP,1873,male,40.97
FRACNP,1874,female,45.28
FRACNP,1874,male,43.36
FRACNP,1875,female,44.11
FRACNP,1875,male,42.33
FRACNP,1876,female,44.72
FRACNP,1876,male,42.53
FRACNP,1877,female,45.31
FRACNP,1877,male,43.33
FRACNP,1878,female,44.42
FRACNP,1878,male,42.37
FRACNP,1879,female,45.09
FRACNP,1879,male,42.92
FRACNP,1880,female,43.81
FRACNP,1880,male,41.84
FRACNP,1881,female,44.66
FRACNP,1881,male,42.38
FRACNP,1882,female,44.41
FRACNP,1882,male,41.93
FRACNP,1883,female,44.55
FRACNP,1883,male,42.06
FRACNP,1884,female,43.78
FRACNP,1884,male,41.23
FRACNP,1885,female,45.28
FRACNP,1885,male,42.68
FRACNP,1886,female,44.49
FRACNP,1886,male,41.91
FRACNP,1887,female,44.99
FRACNP,1887,male,42.51
FRACNP,1888,female,45.68
FRACNP,1888,male,42.71
FRACNP,1889,female,46.97
FRACNP,1889,male,44.17
FRACNP,1890,female,44.84
FRACNP,1890,male,42.11
FRACNP,1891,female,45.56
FRACNP,1891,male,42.75
FRACNP,1892,female,45.03
FRACNP,1892,male,42.18
FRACNP,1893,female,45.14
FRACNP,1893,male,42.05
FRACNP,1894,female,47.15
FRACNP,1894,male,43.93
FRACNP,1895,female,46.91
FRACNP,1895,male,43.71
FRACNP,1896,female,49.13
FRACNP,1896,male,45.94
FRACNP,1897,female,49.55
FRACNP,1897,male,46.29
FRACNP,1898,female,47.69
FRACNP,1898,male,44.4
FRACNP,1899,female,46.95
FRACNP,1899,male,43.47
FRACNP,1900,female,46.95
FRACNP,1900,male,43.34
FRACNP,1901,female,48.86
FRACNP,1901,male,45.23
FRACNP,1902,female,49.77
FRACNP,1902,male,46.28
FRACNP,1903,female,50.12
FRACNP,1903,male,46.76
FRACNP,1904,female,49.78
FRACNP,1904,male,46.43
FRACNP,1905,female,50.27
FRACNP,1905,male,46.57
FRACNP,1906,female,49.67
FRACNP,1906,male,45.89
FRACNP,1907,female,50.26
FRACNP,1907,male,46.46
FRACNP,1908,female,51.3
FRACNP,1908,male,47.4
FRACNP,1909,female,52.04
FRACNP,1909,male,48.08
FRACNP,1910,female,53.33
FRACNP,1910,male,49.47
FRACNP,1911,female,50.16
FRACNP,1911,male,46.35
FRACNP,1912,female,53.73
FRACNP,1912,male,49.48
FRACNP,1913,female,53.43
FRACNP,1913,male,49.38
FRACNP,1914,female,53.29
FRACNP,1914,male,46.51
FRACNP,1915,female,52.73
FRACNP,1915,male,41.21
FRACNP,1916,female,52.39
FRACNP,1916,male,41.93
FRACNP,1917,female,51.89
FRACNP,1917,male,42.16
FRACNP,1918,female,42.97
FRACNP,1918,male,33.84
FRACNP,1919,female,50.32
FRACNP,1919,male,40.4
FRACNP,1920,female,53.71
FRACNP,1920,male,49.61
FRACNP,1921,female,54.77
FRACNP,1921,male,50.63
FRACNP,1922,female,56.85
FRACNP,1922,male,52.94
FRACNP,1923,female,56.67
FRACNP,1923,male,52.53
FRACNP,1924,female,57.4
FRACNP,1924,male,53.02
FRACNP,1925,female,56.7
FRACNP,1925,male,52.05
FRACNP,1926,female,56.18
FRACNP,1926,male,51.77
FRACNP,1927,female,57.8
FRACNP,1927,male,53.68
FRACNP,1928,female,57.56
FRACNP,1928,male,53.28
FRACNP,1929,female,56.55
FRACNP,1929,male,51.97
FRACNP,1930,female,59.31
FRACNP,1930,male,54.32
FRACNP,1931,female,59.27
FRACNP,1931,male,54.54
FRACNP,1932,female,59.73
FRACNP,1932,male,54.72
FRACNP,1933,female,60.2
FRACNP,1933,male,55.11
FRACNP,1934,female,61.2
FRACNP,1934,male,55.45
FRACNP,1935,female,61.17
FRACNP,1935,male,55.44
FRACNP,1936,female,61.71
FRACNP,1936,male,55.84
FRACNP,1937,female,62.13
FRACNP,1937,male,56.13
FRACNP,1938,female,62.03
FRACNP,1938,male,55.88
FRACNP,1939,female,62.6
FRACNP,1939,male,56.52
FRACNP,1940,female,59.04
FRACNP,1940,male,52.65
FRACNP,1941,female,61.22
FRACNP,1941,male,53.48
FRACNP,1942,female,61.81
FRACNP,1942,male,54.56
FRACNP,1943,female,61.8
FRACNP,1943,male,54.65
FRACNP,1944,female,59.6
FRACNP,1944,male,48.35
FRACNP,1945,female,60.3
FRACNP,1945,male,53.66
FRACNP,1946,female,64.96
FRACNP,1946,male,59.65
FRACNP,1947,female,66.65
FRACNP,1947,male,61.13
FRACNP,1948,female,68.73
FRACNP,1948,male,62.72
FRACNP,1949,female,67.52
FRACNP,1949,male,62.16
FRACNP,1950,female,69.19
FRACNP,1950,male,63.43
FRACNP,1951,female,68.9
FRACNP,1951,male,63.17
FRACNP,1952,female,70.22
FRACNP,1952,male,64.41
FRACNP,1953,female,70.23
FRACNP,1953,male,64.29
FRACNP,1954,female,71.21
FRACNP,1954,male,65.03
FRACNP,1955,female,71.54
FRACNP,1955,male,65.23
FRACNP,1956,female,71.67
FRACNP,1956,male,65.17
FRACNP,1957,female,72.21
FRACNP,1957,male,65.49
FRACNP,1958,female,73.23
FRACNP,1958,male,66.85
FRACNP,1959,female,73.36
FRACNP,1959,male,66.86
FRACNP,1960,female,73.61
FRACNP,1960,male,67.02
FRACNP,1961,female,74.37
FRACNP,1961,male,67.46
FRACNP,1962,female,73.9
FRACNP,1962,male,66.99
FRACNP,1963,female,73.81
FRACNP,1963,male,66.81
FRACNP,1964,female,74.82
FRACNP,1964,male,67.68
FRACNP,1965,female,74.72
FRACNP,1965,male,67.47
FRACNP,1966,female,75.18
FRACNP,1966,male,67.82
FRACNP,1967,female,75.2
FRACNP,1967,male,67.79
FRACNP,1968,female,75.22
FRACNP,1968,male,67.76
FRACNP,1969,female,75.05
FRACNP,1969,male,67.41
FRACNP,1970,female,75.81
FRACNP,1970,male,68.37
FRACNP,1971,female,75.88
FRACNP,1971,male,68.31
FRACNP,1972,female,76.19
FRACNP,1972,male,68.48
FRACNP,1973,female,76.32
FRACNP,1973,male,68.69
FRACNP,1974,female,76.75
FRACNP,1974,male,68.93
FRACNP,1975,female,76.87
FRACNP,1975,male,69.02
FRACNP,1976,female,77.2
FRACNP,1976,male,69.15
FRACNP,1977,female,77.84
FRACNP,1977,male,69.7
FRACNP,1978,female,77.96
FRACNP,1978,male,69.82
FRACNP,1979,female,78.28
FRACNP,1979,male,70.05
FRACNP,1980,female,78.4
FRACNP,1980,male,70.15
FRACNP,1981,female,78.5
FRACNP,1981,male,70.37
FRACNP,1982,female,78.89
FRACNP,1982,male,70.71
FRACNP,1983,female,78.82
FRACNP,1983,male,70.73
FRACNP,1984,female,79.35
FRACNP,1984,male,71.14
FRACNP,1985,female,79.45
FRACNP,1985,male,71.24
FRACNP,1986,female,79.71
FRACNP,1986,male,71.5
FRACNP,1987,female,80.29
FRACNP,1987,male,72.03
FRACNP,1988,female,80.48
FRACNP,1988,male,72.32
FRACNP,1989,female,80.66
FRACNP,1989,male,72.45
FRACNP,1990,female,80.97
FRACNP,1990,male,72.72
FRACNP,1991,female,81.17
FRACNP,1991,male,72.88
FRACNP,1992,female,81.45
FRACNP,1992,male,73.15
FRACNP,1993,female,81.46
FRACNP,1993,male,73.25
FRACNP,1994,female,81.88
FRACNP,1994,male,73.64
FRACNP,1995,female,81.9
FRACNP,1995,male,73.83
FRACNP,1996,female,82.05
FRACNP,1996,male,74.06
FRACNP,1997,female,82.3
FRACNP,1997,male,74.51
FRACNP,1998,female,82.41
FRACNP,1998,male,74.72
FRACNP,1999,female,82.51
FRACNP,1999,male,74.94
FRACNP,2000,female,82.8
FRACNP,2000,male,75.24
FRACNP,2001,female,82.94
FRACNP,2001,male,75.43
FRACNP,2002,female,83.03
FRACNP,2002,male,75.7
FRACNP,2003,female,82.95
FRACNP,2003,male,75.81
FRACNP,2004,female,83.86
FRACNP,2004,male,76.67
FRACNP,2005,female,83.83
FRACNP,2005,male,76.72
FRACNP,2006,female,84.18
FRACNP,2006,male,77.16
FRACNP,2007,female,84.39
FRACNP,2007,male,77.38
FRACNP,2008,female,84.34
FRACNP,2008,male,77.58
FRACNP,2009,female,84.44
FRACNP,2009,male,77.74
FRACNP,2010,female,84.67
FRACNP,2010,male,77.99
FRACNP,2011,female,85.01
FRACNP,2011,male,78.4
FRACNP,2012,female,84.86
FRACNP,2012,male,78.46
FRACNP,2013,female,85.05
FRACNP,2013,male,78.73
FRACNP,2014,female,85.45
FRACNP,2014,male,79.23
FRACNP,2015,female,85.16
FRACNP,2015,male,78.98
FRACNP,2016,female,85.35
FRACNP,2016,male,79.28
FRACNP,2017,female,85.31
FRACNP,2017,male,79.4
FRACNP,2018,female,85.44
FRACNP,2018,male,79.53
FRACNP,2019,female,85.57
FRACNP,2019,male,79.74
FRACNP,2020,female,85.13
FRACNP,2020,male,79.17
FRACNP,2021,female,85.29
FRACNP,2021,male,79.26
FRACNP,2022,female,85.14
FRACNP,2022,male,79.36
FRACNP,2023,female,85.64
FRACNP,2023,male,80.01
GRC,1981,female,78.04
GRC,1981,male,73.39
GRC,1982,female,78.26
GRC,1982,male,73.44
GRC,1983,female,78.05
GRC,1983,male,73.28
GRC,1984,female,78.57
GRC,1984,male,73.68
GRC,1985,female,78.42
GRC,1985,male,73.4
GRC,1986,female,78.81
GRC,1986,male,73.98
GRC,1987,female,78.58
GRC,1987,male,73.82
GRC,1988,female,79.3
GRC,1988,male,74.27
GRC,1989,female,79.53
GRC,1989,male,74.47
GRC,1990,female,79.63
GRC,1990,male,74.66
GRC,1991,female,79.86
GRC,1991,male,74.66
GRC,1992,female,79.77
GRC,1992,male,74.62
GRC,1993,female,80.07
GRC,1993,male,74.86
GRC,1994,female,80.31
GRC,1994,male,75.03
GRC,1995,female,80.4
GRC,1995,male,74.9
GRC,1996,female,80.56
GRC,1996,male,75
GRC,1997,female,80.88
GRC,1997,male,75.37
GRC,1998,female,80.75
GRC,1998,male,75.44
GRC,1999,female,80.94
GRC,1999,male,75.46
GRC,2000,female,81.18
GRC,2000,male,75.52
GRC,2001,female,81.6
GRC,2001,male,75.96
GRC,2002,female,81.68
GRC,2002,male,76.23
GRC,2003,female,81.83
GRC,2003,male,76.39
GRC,2004,female,82.05
GRC,2004,male,76.48
GRC,2005,female,82.33
GRC,2005,male,76.64
GRC,2006,female,82.58
GRC,2006,male,76.97
GRC,2007,female,82.46
GRC,2007,male,76.78
GRC,2008,female,82.95
GRC,2008,male,77.36
GRC,2009,female,83.21
GRC,2009,male,77.44
GRC,2010,female,83.25
GRC,2010,male,77.89
GRC,2011,female,83.46
GRC,2011,male,77.92
GRC,2012,female,83.3
GRC,2012,male,77.86
GRC,2013,female,83.79
GRC,2013,male,78.48
GRC,2014,female,83.91
GRC,2014,male,78.54
GRC,2015,female,83.63
GRC,2015,male,78.32
GRC,2016,female,83.79
GRC,2016,male,78.64
GRC,2017,female,83.75
GRC,2017,male,78.61
GRC,2018,female,84.18
GRC,2018,male,79.02
GRC,2019,female,83.99
GRC,2019,male,78.97
HUN,1950,female,64.31
HUN,1950,male,59.93
HUN,1951,female,64.75
HUN,1951,male,60.16
HUN,1952,female,66.16
HUN,1952,male,61.65
HUN,1953,female,65.87
HUN,1953,male,61.78
HUN,1954,female,67.29
HUN,1954,male,63.5
HUN,1955,female,68.79
HUN,1955,male,64.94
HUN,1956,female,68.42
HUN,1956,male,63.55
HUN,1957,female,68.53
HUN,1957,male,64.09
HUN,1958,female,69.47
HUN,1958,male,65.33
HUN,1959,female,69.52
HUN,1959,male,65.06
HUN,1960,female,70.17
HUN,1960,male,65.92
HUN,1961,female,71.18
HUN,1961,male,66.76
HUN,1962,female,70.13
HUN,1962,male,65.68
HUN,1963,female,71.2
HUN,1963,male,66.6
HUN,1964,female,71.85
HUN,1964,male,67
HUN,1965,female,71.53
HUN,1965,male,66.7
HUN,1966,female,72.22
HUN,1966,male,67.49
HUN,1967,female,72.02
HUN,1967,male,66.85
HUN,1968,female,71.97
HUN,1968,male,66.67
HUN,1969,female,72.04
HUN,1969,male,66.67
HUN,1970,female,72.1
HUN,1970,male,66.33
HUN,1971,female,72.06
HUN,1971,male,66.1
HUN,1972,female,72.6
HUN,1972,male,66.81
HUN,1973,female,72.55
HUN,1973,male,66.63
HUN,1974,female,72.23
HUN,1974,male,66.3
HUN,1975,female,72.5
HUN,1975,male,66.34
HUN,1976,female,72.61
HUN,1976,male,66.69
HUN,1977,female,73.11
HUN,1977,male,66.77
HUN,1978,female,72.83
HUN,1978,male,66.15
HUN,1979,female,73.17
HUN,1979,male,66.22
HUN,1980,female,72.76
HUN,1980,male,65.52
HUN,1981,female,72.93
HUN,1981,male,65.48
HUN,1982,female,73.2
HUN,1982,male,65.62
HUN,1983,female,72.97
HUN,1983,male,65.05
HUN,1984,female,73.13
HUN,1984,male,64.98
HUN,1985,female,73.01
HUN,1985,male,64.95
HUN,1986,female,73.16
HUN,1986,male,65.2
HUN,1987,female,73.7
HUN,1987,male,65.56
HUN,1988,female,73.98
HUN,1988,male,66
HUN,1989,female,73.72
HUN,1989,male,65.24
HUN,1990,female,73.78
HUN,1990,male,65.15
HUN,1991,female,73.97
HUN,1991,male,65.11
HUN,1992,female,73.94
HUN,1992,male,64.66
HUN,1993,female,73.98
HUN,1993,male,64.65
HUN,1994,female,74.46
HUN,1994,male,65
HUN,1995,female,74.72
HUN,1995,male,65.42
HUN,1996,female,75
HUN,1996,male,66.3
HUN,1997,female,75.45
HUN,1997,male,66.64
HUN,1998,female,75.53
HUN,1998,male,66.43
HUN,1999,female,75.5
HUN,1999,male,66.67
HUN,2000,female,76.03
HUN,2000,male,67.49
HUN,2001,female,76.56
HUN,2001,male,68.19
HUN,2002,female,76.68
HUN,2002,male,68.28
HUN,2003,female,76.66
HUN,2003,male,68.32
HUN,2004,female,77.1
HUN,2004,male,68.66
HUN,2005,female,77.07
HUN,2005,male,68.61
HUN,2006,female,77.55
HUN,2006,male,69.07
HUN,2007,female,77.52
HUN,2007,male,69.25
HUN,2008,female,77.97
HUN,2008,male,69.82
HUN,2009,female,78.11
HUN,2009,male,70.11
HUN,2010,female,78.31
HUN,2010,male,70.56
HUN,2011,female,78.48
HUN,2011,male,71.14
HUN,2012,female,78.62
HUN,2012,male,71.55
HUN,2013,female,79
HUN,2013,male,72.12
HUN,2014,female,79.23
HUN,2014,male,72.25
HUN,2015,female,78.87
HUN,2015,male,72.23
HUN,2016,female,79.57
HUN,2016,male,72.56
HUN,2017,female,79.27
HUN,2017,male,72.55
HUN,2018,female,79.53
HUN,2018,male,72.72
HUN,2019,female,79.68
HUN,2019,male,73.05
HUN,2020,female,79.02
HUN,2020,male,72.32
IRL,1950,female,66.73
IRL,1950,male,64.5
IRL,1951,female,66.11
IRL,1951,male,63.51
IRL,1952,female,68.69
IRL,1952,male,65.77
IRL,1953,female,69.22
IRL,1953,male,66.69
IRL,1954,female,69.7
IRL,1954,male,66.46
IRL,1955,female,69.65
IRL,1955,male,66.48
IRL,1956,female,70.72
IRL,1956,male,67.34
IRL,1957,female,70.64
IRL,1957,male,67.49
IRL,1958,female,71.13
IRL,1958,male,67.57
IRL,1959,female,71.42
IRL,1959,male,67.6
IRL,1960,female,71.99
IRL,1960,male,68.48
IRL,1961,female,71.6
IRL,1961,male,67.85
IRL,1962,female,72.11
IRL,1962,male,67.97
IRL,1963,female,72.26
IRL,1963,male,68.29
IRL,1964,female,72.59
IRL,1964,male,68.49
IRL,1965,female,72.94
IRL,1965,male,68.55
IRL,1966,female,72.44
IRL,1966,male,68.1
IRL,1967,female,73.52
IRL,1967,male,69.08
IRL,1968,female,73.27
IRL,1968,male,68.72
IRL,1969,female,73.08
IRL,1969,male,68.72
IRL,1970,female,73.33
IRL,1970,male,68.58
IRL,1971,female,74.18
IRL,1971,male,69.29
IRL,1972,female,73.57
IRL,1972,male,68.59
IRL,1973,female,73.88
IRL,1973,male,68.72
IRL,1974,female,73.84
IRL,1974,male,68.64
IRL,1975,female,74.46
IRL,1975,male,69.17
IRL,1976,female,74.47
IRL,1976,male,69.36
IRL,1977,female,74.63
IRL,1977,male,69.49
IRL,1978,female,74.77
IRL,1978,male,69.35
IRL,1979,female,75.29
IRL,1979,male,69.39
IRL,1980,female,75.39
IRL,1980,male,69.93
IRL,1981,female,75.88
IRL,1981,male,70.16
IRL,1982,female,76.09
IRL,1982,male,70.47
IRL,1983,female,76.22
IRL,1983,male,70.4
IRL,1984,female,76.55
IRL,1984,male,70.91
IRL,1985,female,76.63
IRL,1985,male,70.76
IRL,1986,female,76.62
IRL,1986,male,70.85
IRL,1987,female,77.36
IRL,1987,male,71.65
IRL,1988,female,77.32
IRL,1988,male,71.7
IRL,1989,female,77.3
IRL,1989,male,71.74
IRL,1990,female,77.72
IRL,1990,male,72.11
IRL,1991,female,77.9
IRL,1991,male,72.29
IRL,1992,female,78.29
IRL,1992,male,72.68
IRL,1993,female,78.16
IRL,1993,male,72.56
IRL,1994,female,78.66
IRL,1994,male,73.05
IRL,1995,female,78.32
IRL,1995,male,72.76
IRL,1996,female,78.71
IRL,1996,male,73.06
IRL,1997,female,78.68
IRL,1997,male,73.36
IRL,1998,female,79.09
IRL,1998,male,73.4
IRL,1999,female,78.85
IRL,1999,male,73.43
IRL,2000,female,79.19
IRL,2000,male,73.95
IRL,2001,female,79.77
IRL,2001,male,74.49
IRL,2002,female,80.28
IRL,2002,male,74.96
IRL,2003,female,80.58
IRL,2003,male,75.64
IRL,2004,female,81
IRL,2004,male,76.01
IRL,2005,female,81.19
IRL,2005,male,76.6
IRL,2006,female,81.54
IRL,2006,male,76.76
IRL,2007,female,81.64
IRL,2007,male,76.89
IRL,2008,female,81.85
IRL,2008,male,77.19
IRL,2009,female,82.26
IRL,2009,male,77.33
IRL,2010,female,82.63
IRL,2010,male,78
IRL,2011,female,82.71
IRL,2011,male,78.26
IRL,2012,female,82.75
IRL,2012,male,78.36
IRL,2013,female,82.89
IRL,2013,male,78.63
IRL,2014,female,83.15
IRL,2014,male,78.81
IRL,2015,female,83.07
IRL,2015,male,79.05
IRL,2016,female,83.23
IRL,2016,male,79.18
IRL,2017,female,83.52
IRL,2017,male,79.69
IRL,2018,female,83.63
IRL,2018,male,79.65
IRL,2019,female,84.01
IRL,2019,male,79.8
IRL,2020,female,83.79
IRL,2020,male,80
IRL,2021,female,83.68
IRL,2021,male,79.74
IRL,2022,female,83.81
IRL,2022,male,80.17
ISL,1838,female,34.38
ISL,1838,male,30.7
ISL,1839,female,29.56
ISL,1839,male,26.58
ISL,1840,female,32.78
ISL,1840,male,31.36
ISL,1841,female,42.06
ISL,1841,male,38.72
ISL,1842,female,45.2
ISL,1842,male,35.7
ISL,1843,female,28.35
ISL,1843,male,22.93
ISL,1844,female,45.05
ISL,1844,male,40.85
ISL,1845,female,43.84
ISL,1845,male,39.23
ISL,1846,female,19.19
ISL,1846,male,18.22
ISL,1847,female,36.46
ISL,1847,male,30.47
ISL,1848,female,44.82
ISL,1848,male,38.76
ISL,1849,female,40.33
ISL,1849,male,34.67
ISL,1850,female,38.39
ISL,1850,male,35.3
ISL,1851,female,32.87
ISL,1851,male,27.62
ISL,1852,female,43.78
ISL,1852,male,40.5
ISL,1853,female,52.31
ISL,1853,male,45.1
ISL,1854,female,47.25
ISL,1854,male,39.43
ISL,1855,female,41.25
ISL,1855,male,35.43
ISL,1856,female,46.65
ISL,1856,male,38.47
ISL,1857,female,43.04
ISL,1857,male,36.22
ISL,1858,female,36.7
ISL,1858,male,33.06
ISL,1859,female,31.87
ISL,1859,male,27.87
ISL,1860,female,21.54
ISL,1860,male,18.29
ISL,1861,female,29.36
ISL,1861,male,25.09
ISL,1862,female,28.54
ISL,1862,male,25.66
ISL,1863,female,39.22
ISL,1863,male,31.83
ISL,1864,female,38.87
ISL,1864,male,31.35
ISL,1865,female,37.3
ISL,1865,male,31.41
ISL,1866,female,28.95
ISL,1866,male,25.7
ISL,1867,female,42.89
ISL,1867,male,32.96
ISL,1868,female,38.8
ISL,1868,male,31.04
ISL,1869,female,30.21
ISL,1869,male,26.16
ISL,1870,female,42.66
ISL,1870,male,34.54
ISL,1871,female,38.23
ISL,1871,male,32.25
ISL,1872,female,26.02
ISL,1872,male,24.47
ISL,1873,female,38.6
ISL,1873,male,34.77
ISL,1874,female,41.89
ISL,1874,male,37.3
ISL,1875,female,40.38
ISL,1875,male,33.25
ISL,1876,female,43.17
ISL,1876,male,37.4
ISL,1877,female,48.39
ISL,1877,male,40.98
ISL,1878,female,44.55
ISL,1878,male,38.23
ISL,1879,female,44.7
ISL,1879,male,34.99
ISL,1880,female,44.79
ISL,1880,male,39.95
ISL,1881,female,37.4
ISL,1881,male,34.36
ISL,1882,female,19.01
ISL,1882,male,16.94
ISL,1883,female,31.99
ISL,1883,male,27.62
ISL,1884,female,45.37
ISL,1884,male,38.91
ISL,1885,female,48.91
ISL,1885,male,42.45
ISL,1886,female,47.31
ISL,1886,male,42.87
ISL,1887,female,44.6
ISL,1887,male,37.04
ISL,1888,female,51
ISL,1888,male,42.73
ISL,1889,female,54.36
ISL,1889,male,50.45
ISL,1890,female,39.06
ISL,1890,male,34.46
ISL,1891,female,45.99
ISL,1891,male,48.59
ISL,1892,female,55.59
ISL,1892,male,49.91
ISL,1893,female,57.13
ISL,1893,male,48.23
ISL,1894,female,49.24
ISL,1894,male,40.74
ISL,1895,female,54.37
ISL,1895,male,50.18
ISL,1896,female,55.89
ISL,1896,male,50.33
ISL,1897,female,50.9
ISL,1897,male,46.17
ISL,1898,female,47.91
ISL,1898,male,40.94
ISL,1899,female,53.45
ISL,1899,male,46.16
ISL,1900,female,49.56
ISL,1900,male,43.68
ISL,1901,female,56.35
ISL,1901,male,49.48
ISL,1902,female,52.4
ISL,1902,male,49.5
ISL,1903,female,49.78
ISL,1903,male,47.39
ISL,1904,female,54.97
ISL,1904,male,50.27
ISL,1905,female,52.89
ISL,1905,male,46.17
ISL,1906,female,59.11
ISL,1906,male,48.39
ISL,1907,female,52.37
ISL,1907,male,47.13
ISL,1908,female,48.83
ISL,1908,male,42.69
ISL,1909,female,53.04
ISL,1909,male,51.68
ISL,1910,female,54.59
ISL,1910,male,50.57
ISL,1911,female,58.08
ISL,1911,male,52.73
ISL,1912,female,59.38
ISL,1912,male,52.66
ISL,1913,female,61.23
ISL,1913,male,56.55
ISL,1914,female,55.51
ISL,1914,male,48.38
ISL,1915,female,56.4
ISL,1915,male,50.61
ISL,1916,female,58.5
ISL,1916,male,50.51
ISL,1917,female,61.52
ISL,1917,male,56.42
ISL,1918,female,52.72
ISL,1918,male,49.4
ISL,1919,female,60.38
ISL,1919,male,56.34
ISL,1920,female,56.43
ISL,1920,male,52.67
ISL,1921,female,58.01
ISL,1921,male,50.47
ISL,1922,female,60.87
ISL,1922,male,53.09
ISL,1923,female,60.73
ISL,1923,male,54.68
ISL,1924,female,57.74
ISL,1924,male,50.57
ISL,1925,female,59.64
ISL,1925,male,56.62
ISL,1926,female,62.89
ISL,1926,male,58.48
ISL,1927,female,60.15
ISL,1927,male,56
ISL,1928,female,62.2
ISL,1928,male,61.08
ISL,1929,female,61.15
ISL,1929,male,59.83
ISL,1930,female,62.47
ISL,1930,male,57.81
ISL,1931,female,62.03
ISL,1931,male,59.49
ISL,1932,female,64.12
ISL,1932,male,59.98
ISL,1933,female,65.71
ISL,1933,male,60.1
ISL,1934,female,64.67
ISL,1934,male,61.89
ISL,1935,female,61.6
ISL,1935,male,57.34
ISL,1936,female,66.36
ISL,1936,male,59.12
ISL,1937,female,65.3
ISL,1937,male,61.59
ISL,1938,female,68.23
ISL,1938,male,61.97
ISL,1939,female,68.01
ISL,1939,male,63.91
ISL,1940,female,68.74
ISL,1940,male,62.85
ISL,1941,female,67.06
ISL,1941,male,59.53
ISL,1942,female,65.97
ISL,1942,male,62.26
ISL,1943,female,66.65
ISL,1943,male,63.76
ISL,1944,female,68.95
ISL,1944,male,64.45
ISL,1945,female,69.25
ISL,1945,male,65.83
ISL,1946,female,71.7
ISL,1946,male,65.39
ISL,1947,female,71.32
ISL,1947,male,67.34
ISL,1948,female,70.65
ISL,1948,male,69.7
ISL,1949,female,73.21
ISL,1949,male,69.61
ISL,1950,female,73.52
ISL,1950,male,68.58
ISL,1951,female,72.81
ISL,1951,male,69.19
ISL,1952,female,74.86
ISL,1952,male,70.07
ISL,1953,female,74.34
ISL,1953,male,70.25
ISL,1954,female,75.6
ISL,1954,male,71.1
ISL,1955,female,75.91
ISL,1955,male,70.74
ISL,1956,female,74.29
ISL,1956,male,71.49
ISL,1957,female,75.11
ISL,1957,male,71.72
ISL,1958,female,75.95
ISL,1958,male,70.88
ISL,1959,female,75.65
ISL,1959,male,69.81
ISL,1960,female,75.76
ISL,1960,male,72.42
ISL,1961,female,76.19
ISL,1961,male,70.76
ISL,1962,female,76.07
ISL,1962,male,71.35
ISL,1963,female,76.02
ISL,1963,male,70.16
ISL,1964,female,76.33
ISL,1964,male,70.91
ISL,1965,female,76.42
ISL,1965,male,71.39
ISL,1966,female,76.31
ISL,1966,male,70.23
ISL,1967,female,76.5
ISL,1967,male,71.09
ISL,1968,female,76.41
ISL,1968,male,71.55
ISL,1969,female,76.37
ISL,1969,male,71.14
ISL,1970,female,77.23
ISL,1970,male,70.67
ISL,1971,female,76.48
ISL,1971,male,70.78
ISL,1972,female,76.88
ISL,1972,male,72.12
ISL,1973,female,77.36
ISL,1973,male,71.45
ISL,1974,female,77.9
ISL,1974,male,71.06
ISL,1975,female,78.66
ISL,1975,male,72.22
ISL,1976,female,79.88
ISL,1976,male,73.7
ISL,1977,female,79.23
ISL,1977,male,73.14
ISL,1978,female,79.27
ISL,1978,male,73.63
ISL,1979,female,79.34
ISL,1979,male,73.96
ISL,1980,female,80.07
ISL,1980,male,73.39
ISL,1981,female,79.54
ISL,1981,male,73.31
ISL,1982,female,79.44
ISL,1982,male,74.52
ISL,1983,female,80.35
ISL,1983,male,73.14
ISL,1984,female,80.19
ISL,1984,male,74.72
ISL,1985,female,80.33
ISL,1985,male,74.82
ISL,1986,female,80.76
ISL,1986,male,75.4
ISL,1987,female,79.66
ISL,1987,male,74.79
ISL,1988,female,79.8
ISL,1988,male,74.41
ISL,1989,female,80.1
ISL,1989,male,76.11
ISL,1990,female,80.53
ISL,1990,male,75.36
ISL,1991,female,81.15
ISL,1991,male,74.85
ISL,1992,female,80.72
ISL,1992,male,76.71
ISL,1993,female,80.81
ISL,1993,male,77.05
ISL,1994,female,81.27
ISL,1994,male,77.09
ISL,1995,female,80.07
ISL,1995,male,75.94
ISL,1996,female,81.16
ISL,1996,male,76.5
ISL,1997,female,81.51
ISL,1997,male,76.32
ISL,1998,female,81.53
ISL,1998,male,77.68
ISL,1999,female,81.37
ISL,1999,male,77.44
ISL,2000,female,81.53
ISL,2000,male,77.84
ISL,2001,female,82.9
ISL,2001,male,78.26
ISL,2002,female,82.34
ISL,2002,male,78.52
ISL,2003,female,82.46
ISL,2003,male,79.48
ISL,2004,female,82.88
ISL,2004,male,78.89
ISL,2005,female,83.27
ISL,2005,male,79.45
ISL,2006,female,82.78
ISL,2006,male,79.36
ISL,2007,female,83.04
ISL,2007,male,79.43
ISL,2008,female,83.08
ISL,2008,male,79.77
ISL,2009,female,83.61
ISL,2009,male,79.66
ISL,2010,female,83.81
ISL,2010,male,79.67
ISL,2011,female,83.83
ISL,2011,male,80.36
ISL,2012,female,83.91
ISL,2012,male,81.14
ISL,2013,female,83.41
ISL,2013,male,80.29
ISL,2014,female,84.07
ISL,2014,male,81.03
ISL,2015,female,83.56
ISL,2015,male,80.98
ISL,2016,female,83.82
ISL,2016,male,80.19
ISL,2017,female,84.02
ISL,2017,male,80.68
ISL,2018,female,84.19
ISL,2018,male,80.97
ISL,2019,female,84.52
ISL,2019,male,81.33
ISL,2020,female,84.35
ISL,2020,male,81.21
ISL,2021,female,84.36
ISL,2021,male,81.44
ISL,2022,female,83.49
ISL,2022,male,80.67
ISL,2023,female,84.06
ISL,2023,male,80.6
ISL,2024,female,84.45
ISL,2024,male,81.13
ISR,1983,female,76.52
ISR,1983,male,73.1
ISR,1984,female,76.92
ISR,1984,male,73.31
ISR,1985,female,77.17
ISR,1985,male,73.7
ISR,1986,female,77.08
ISR,1986,male,73.44
ISR,1987,female,77.57
ISR,1987,male,73.72
ISR,1988,female,77.91
ISR,1988,male,74.09
ISR,1989,female,78.38
ISR,1989,male,74.78
ISR,1990,female,78.79
ISR,1990,male,75.31
ISR,1991,female,78.67
ISR,1991,male,75.14
ISR,1992,female,78.65
ISR,1992,male,74.89
ISR,1993,female,79.24
ISR,1993,male,75.48
ISR,1994,female,79.51
ISR,1994,male,75.68
ISR,1995,female,79.54
ISR,1995,male,75.6
ISR,1996,female,80.14
ISR,1996,male,76.2
ISR,1997,female,80.18
ISR,1997,male,76.02
ISR,1998,female,80.48
ISR,1998,male,76.11
ISR,1999,female,80.58
ISR,1999,male,76.59
ISR,2000,female,80.92
ISR,2000,male,76.64
ISR,2001,female,81.37
ISR,2001,male,77.04
ISR,2002,female,81.29
ISR,2002,male,77.12
ISR,2003,female,81.65
ISR,2003,male,77.49
ISR,2004,female,82.12
ISR,2004,male,77.96
ISR,2005,female,82.09
ISR,2005,male,78.17
ISR,2006,female,82.41
ISR,2006,male,78.58
ISR,2007,female,82.51
ISR,2007,male,78.7
ISR,2008,female,82.89
ISR,2008,male,79.02
ISR,2009,female,83.3
ISR,2009,male,79.62
ISR,2010,female,83.51
ISR,2010,male,79.71
ISR,2011,female,83.45
ISR,2011,male,79.87
ISR,2012,female,83.55
ISR,2012,male,79.87
ISR,2013,female,83.83
ISR,2013,male,80.28
ISR,2014,female,84.06
ISR,2014,male,80.33
ISR,2015,female,84.08
ISR,2015,male,80.12
ISR,2016,female,84.24
ISR,2016,male,80.65
ITA,1872,female,30.26
ITA,1872,male,29.28
ITA,1873,female,31.84
ITA,1873,male,31.49
ITA,1874,female,32.02
ITA,1874,male,31.62
ITA,1875,female,31.66
ITA,1875,male,31.13
ITA,1876,female,34
ITA,1876,male,33.36
ITA,1877,female,35.2
ITA,1877,male,34.75
ITA,1878,female,34.59
ITA,1878,male,34.21
ITA,1879,female,34.18
ITA,1879,male,33.86
ITA,1880,female,33.2
ITA,1880,male,32.46
ITA,1881,female,34.49
ITA,1881,male,34.08
ITA,1882,female,34.61
ITA,1882,male,34.12
ITA,1883,female,35.24
ITA,1883,male,35.25
ITA,1884,female,36.68
ITA,1884,male,36.69
ITA,1885,female,36.8
ITA,1885,male,37.05
ITA,1886,female,35.11
ITA,1886,male,35.28
ITA,1887,female,36.01
ITA,1887,male,36.12
ITA,1888,female,37.07
ITA,1888,male,36.98
ITA,1889,female,39.13
ITA,1889,male,39.15
ITA,1890,female,38.62
ITA,1890,male,38.56
ITA,1891,female,38.56
ITA,1891,male,38.56
ITA,1892,female,38.97
ITA,1892,male,38.92
ITA,1893,female,40.02
ITA,1893,male,39.76
ITA,1894,female,40.1
ITA,1894,male,39.92
ITA,1895,female,39.95
ITA,1895,male,39.46
ITA,1896,female,41.04
ITA,1896,male,40.52
ITA,1897,female,43.43
ITA,1897,male,43.29
ITA,1898,female,42.6
ITA,1898,male,42.18
ITA,1899,female,43.83
ITA,1899,male,43.61
ITA,1900,female,41.98
ITA,1900,male,41.75
ITA,1901,female,43.89
ITA,1901,male,43.4
ITA,1902,female,43.19
ITA,1902,male,42.85
ITA,1903,female,43.47
ITA,1903,male,42.95
ITA,1904,female,44.62
ITA,1904,male,44.2
ITA,1905,female,44.25
ITA,1905,male,43.75
ITA,1906,female,45.43
ITA,1906,male,44.82
ITA,1907,female,45.76
ITA,1907,male,45.23
ITA,1908,female,43.51
ITA,1908,male,42.75
ITA,1909,female,45.38
ITA,1909,male,44.25
ITA,1910,female,47.14
ITA,1910,male,46.32
ITA,1911,female,45.09
ITA,1911,male,44.61
ITA,1912,female,49.34
ITA,1912,male,48.39
ITA,1913,female,48.89
ITA,1913,male,48.12
ITA,1914,female,50.34
ITA,1914,male,49.41
ITA,1915,female,47.09
ITA,1915,male,38.68
ITA,1916,female,46.7
ITA,1916,male,34.01
ITA,1917,female,47.41
ITA,1917,male,30.98
ITA,1918,female,28.34
ITA,1918,male,23.52
ITA,1919,female,44.88
ITA,1919,male,38.62
ITA,1920,female,46.36
ITA,1920,male,45.29
ITA,1921,female,49.95
ITA,1921,male,48.42
ITA,1922,female,50.84
ITA,1922,male,49.44
ITA,1923,female,52.09
ITA,1923,male,50.9
ITA,1924,female,52.3
ITA,1924,male,50.78
ITA,1925,female,52.23
ITA,1925,male,50.35
ITA,1926,female,51.81
ITA,1926,male,50.15
ITA,1927,female,53.38
ITA,1927,male,51.78
ITA,1928,female,53.58
ITA,1928,male,51.77
ITA,1929,female,53.3
ITA,1929,male,51.25
ITA,1930,female,56.27
ITA,1930,male,54.09
ITA,1931,female,55.86
ITA,1931,male,53.74
ITA,1932,female,55.95
ITA,1932,male,53.53
ITA,1933,female,57.45
ITA,1933,male,55.05
ITA,1934,female,58.12
ITA,1934,male,55.64
ITA,1935,female,57.51
ITA,1935,male,54.89
ITA,1936,female,58.17
ITA,1936,male,55.3
ITA,1937,female,56.8
ITA,1937,male,53.99
ITA,1938,female,57.54
ITA,1938,male,54.75
ITA,1939,female,59.02
ITA,1939,male,56.17
ITA,1940,female,59.03
ITA,1940,male,54.89
ITA,1941,female,58.31
ITA,1941,male,51.42
ITA,1942,female,57.58
ITA,1942,male,47.84
ITA,1943,female,56.27
ITA,1943,male,43.6
ITA,1944,female,57.34
ITA,1944,male,48.03
ITA,1945,female,58.63
ITA,1945,male,51.24
ITA,1946,female,60.53
ITA,1946,male,57.31
ITA,1947,female,62.92
ITA,1947,male,59.43
ITA,1948,female,64.91
ITA,1948,male,61.87
ITA,1949,female,65.62
ITA,1949,male,62.62
ITA,1950,female,67.43
ITA,1950,male,63.94
ITA,1951,female,67.05
ITA,1951,male,63.52
ITA,1952,female,67.69
ITA,1952,male,64.07
ITA,1953,female,68.39
ITA,1953,male,64.7
ITA,1954,female,69.88
ITA,1954,male,65.78
ITA,1955,female,70.36
ITA,1955,male,66.08
ITA,1956,female,69.81
ITA,1956,male,65.42
ITA,1957,female,70.09
ITA,1957,male,65.42
ITA,1958,female,71.18
ITA,1958,male,66.47
ITA,1959,female,71.64
ITA,1959,male,66.91
ITA,1960,female,71.69
ITA,1960,male,66.68
ITA,1961,female,72.45
ITA,1961,male,67.14
ITA,1962,female,71.88
ITA,1962,male,66.53
ITA,1963,female,72.05
ITA,1963,male,66.55
ITA,1964,female,73.17
ITA,1964,male,67.57
ITA,1965,female,73.05
ITA,1965,male,67.45
ITA,1966,female,73.81
ITA,1966,male,68.15
ITA,1967,female,73.82
ITA,1967,male,68.21
ITA,1968,female,73.73
ITA,1968,male,67.99
ITA,1969,female,73.86
ITA,1969,male,67.87
ITA,1970,female,74.54
ITA,1970,male,68.7
ITA,1971,female,74.87
ITA,1971,male,68.87
ITA,1972,female,75.2
ITA,1972,male,69.08
ITA,1973,female,75.12
ITA,1973,male,69.08
ITA,1974,female,75.9
ITA,1974,male,69.69
ITA,1975,female,75.91
ITA,1975,male,69.55
ITA,1976,female,76.27
ITA,1976,male,69.86
ITA,1977,female,76.73
ITA,1977,male,70.14
ITA,1978,female,77.13
ITA,1978,male,70.42
ITA,1979,female,77.48
ITA,1979,male,70.72
ITA,1980,female,77.42
ITA,1980,male,70.67
ITA,1981,female,77.75
ITA,1981,male,71.09
ITA,1982,female,78.18
ITA,1982,male,71.59
ITA,1983,female,77.99
ITA,1983,male,71.44
ITA,1984,female,78.77
ITA,1984,male,72.16
ITA,1985,female,78.83
ITA,1985,male,72.31
ITA,1986,female,79.12
ITA,1986,male,72.62
ITA,1987,female,79.56
ITA,1987,male,73.02
ITA,1988,female,79.72
ITA,1988,male,73.23
ITA,1989,female,80.15
ITA,1989,male,73.59
ITA,1990,female,80.25
ITA,1990,male,73.63
ITA,1991,female,80.3
ITA,1991,male,73.59
ITA,1992,female,80.66
ITA,1992,male,73.97
ITA,1993,female,80.83
ITA,1993,male,74.36
ITA,1994,female,81.07
ITA,1994,male,74.56
ITA,1995,female,81.33
ITA,1995,male,74.78
ITA,1996,female,81.54
ITA,1996,male,75.18
ITA,1997,female,81.78
ITA,1997,male,75.54
ITA,1998,female,81.82
ITA,1998,male,75.64
ITA,1999,female,82.19
ITA,1999,male,76.06
ITA,2000,female,82.5
ITA,2000,male,76.53
ITA,2001,female,82.79
ITA,2001,male,76.79
ITA,2002,female,82.96
ITA,2002,male,77.08
ITA,2003,female,82.87
ITA,2003,male,77.32
ITA,2004,female,83.76
ITA,2004,male,78.06
ITA,2005,female,83.66
ITA,2005,male,78.16
ITA,2006,female,84.04
ITA,2006,male,78.56
ITA,2007,female,84.03
ITA,2007,male,78.74
ITA,2008,female,84.14
ITA,2008,male,78.94
ITA,2009,female,84.17
ITA,2009,male,79.14
ITA,2010,female,84.52
ITA,2010,male,79.54
ITA,2011,female,84.55
ITA,2011,male,79.7
ITA,2012,female,84.5
ITA,2012,male,79.8
ITA,2013,female,84.9
ITA,2013,male,80.2
ITA,2014,female,85.11
ITA,2014,male,80.48
ITA,2015,female,84.65
ITA,2015,male,80.21
ITA,2016,female,85.18
ITA,2016,male,80.73
ITA,2017,female,84.85
ITA,2017,male,80.44
ITA,2018,female,85.27
ITA,2018,male,80.94
ITA,2019,female,85.41
ITA,2019,male,81.14
ITA,2020,female,84.46
ITA,2020,male,79.85
ITA,2021,female,84.72
ITA,2021,male,80.27
ITA,2022,female,84.74
ITA,2022,male,80.54
ITA,2023,female,85.37
ITA,2023,male,81.29
JPN,1947,female,53.67
JPN,1947,male,49.81
JPN,1948,female,58.65
JPN,1948,male,55.03
JPN,1949,female,59.45
JPN,1949,male,55.97
JPN,1950,female,60.88
JPN,1950,male,57.57
JPN,1951,female,62.61
JPN,1951,male,59.3
JPN,1952,female,64.67
JPN,1952,male,61.26
JPN,1953,female,65.07
JPN,1953,male,61.54
JPN,1954,female,66.57
JPN,1954,male,62.47
JPN,1955,female,67.77
JPN,1955,male,63.62
JPN,1956,female,67.67
JPN,1956,male,63.43
JPN,1957,female,67.62
JPN,1957,male,63.27
JPN,1958,female,69.31
JPN,1958,male,64.75
JPN,1959,female,69.79
JPN,1959,male,65.12
JPN,1960,female,70.14
JPN,1960,male,65.3
JPN,1961,female,70.83
JPN,1961,male,65.91
JPN,1962,female,71.14
JPN,1962,male,66.2
JPN,1963,female,72.28
JPN,1963,male,67.2
JPN,1964,female,72.76
JPN,1964,male,67.63
JPN,1965,female,72.85
JPN,1965,male,67.68
JPN,1966,female,73.65
JPN,1966,male,68.45
JPN,1967,female,73.99
JPN,1967,male,68.79
JPN,1968,female,74.28
JPN,1968,male,69.04
JPN,1969,female,74.63
JPN,1969,male,69.21
JPN,1970,female,74.68
JPN,1970,male,69.32
JPN,1971,female,75.48
JPN,1971,male,70.13
JPN,1972,female,75.94
JPN,1972,male,70.53
JPN,1973,female,76.02
JPN,1973,male,70.76
JPN,1974,female,76.37
JPN,1974,male,71.25
JPN,1975,female,76.88
JPN,1975,male,71.75
JPN,1976,female,77.29
JPN,1976,male,72.13
JPN,1977,female,77.86
JPN,1977,male,72.67
JPN,1978,female,78.22
JPN,1978,male,72.96
JPN,1979,female,78.76
JPN,1979,male,73.43
JPN,1980,female,78.76
JPN,1980,male,73.38
JPN,1981,female,79.16
JPN,1981,male,73.81
JPN,1982,female,79.73
JPN,1982,male,74.26
JPN,1983,female,79.83
JPN,1983,male,74.24
JPN,1984,female,80.26
JPN,1984,male,74.6
JPN,1985,female,80.55
JPN,1985,male,74.89
JPN,1986,female,80.98
JPN,1986,male,75.27
JPN,1987,female,81.43
JPN,1987,male,75.65
JPN,1988,female,81.33
JPN,1988,male,75.59
JPN,1989,female,81.8
JPN,1989,male,75.97
JPN,1990,female,81.86
JPN,1990,male,75.94
JPN,1991,female,82.17
JPN,1991,male,76.16
JPN,1992,female,82.29
JPN,1992,male,76.13
JPN,1993,female,82.45
JPN,1993,male,76.27
JPN,1994,female,82.9
JPN,1994,male,76.59
JPN,1995,female,82.78
JPN,1995,male,76.41
JPN,1996,female,83.5
JPN,1996,male,77.03
JPN,1997,female,83.73
JPN,1997,male,77.24
JPN,1998,female,83.92
JPN,1998,male,77.21
JPN,1999,female,83.92
JPN,1999,male,77.17
JPN,2000,female,84.52
JPN,2000,male,77.68
JPN,2001,female,84.85
JPN,2001,male,78.01
JPN,2002,female,85.15
JPN,2002,male,78.28
JPN,2003,female,85.25
JPN,2003,male,78.32
JPN,2004,female,85.5
JPN,2004,male,78.61
JPN,2005,female,85.42
JPN,2005,male,78.5
JPN,2006,female,85.7
JPN,2006,male,78.92
JPN,2007,female,85.88
JPN,2007,male,79.1
JPN,2008,female,85.95
JPN,2008,male,79.21
JPN,2009,female,86.33
JPN,2009,male,79.51
JPN,2010,female,86.24
JPN,2010,male,79.51
JPN,2011,female,85.86
JPN,2011,male,79.4
JPN,2012,female,86.37
JPN,2012,male,79.9
JPN,2013,female,86.56
JPN,2013,male,80.17
JPN,2014,female,86.77
JPN,2014,male,80.45
JPN,2015,female,86.97
JPN,2015,male,80.72
JPN,2016,female,87.13
JPN,2016,male,80.92
JPN,2017,female,87.27
JPN,2017,male,81.06
JPN,2018,female,87.32
JPN,2018,male,81.21
JPN,2019,female,87.45
JPN,2019,male,81.36
JPN,2020,female,87.75
JPN,2020,male,81.57
JPN,2021,female,87.61
JPN,2021,male,81.48
JPN,2022,female,87.12
JPN,2022,male,81.06
JPN,2023,female,87.18
JPN,2023,male,81.1
JPN,2024,female,87.18
JPN,2024,male,81.11
KOR,2003,female,80.7
KOR,2003,male,73.75
KOR,2004,female,81.19
KOR,2004,male,74.27
KOR,2005,female,81.55
KOR,2005,male,74.86
KOR,2006,female,82.11
KOR,2006,male,75.43
KOR,2007,female,82.41
KOR,2007,male,75.84
KOR,2008,female,83
KOR,2008,male,76.29
KOR,2009,female,83.43
KOR,2009,male,76.73
KOR,2010,female,83.66
KOR,2010,male,76.86
KOR,2011,female,84.05
KOR,2011,male,77.35
KOR,2012,female,84.17
KOR,2012,male,77.59
KOR,2013,female,84.61
KOR,2013,male,78.17
KOR,2014,female,85.02
KOR,2014,male,78.64
KOR,2015,female,85.18
KOR,2015,male,78.96
KOR,2016,female,85.44
KOR,2016,male,79.33
KOR,2017,female,85.75
KOR,2017,male,79.72
KOR,2018,female,85.76
KOR,2018,male,79.8
KOR,2019,female,86.3
KOR,2019,male,80.33
KOR,2020,female,86.47
KOR,2020,male,80.56
KOR,2021,female,86.57
KOR,2021,male,80.67
KOR,2022,female,85.56
KOR,2022,male,79.91
KOR,2023,female,86.37
KOR,2023,male,80.63
KOR,2024,female,86.53
KOR,2024,male,80.86
LTU,1959,female,70.63
LTU,1959,male,64.37
LTU,1960,female,73.02
LTU,1960,male,66.99
LTU,1961,female,73.61
LTU,1961,male,66.83
LTU,1962,female,72.46
LTU,1962,male,65.94
LTU,1963,female,73.85
LTU,1963,male,66.79
LTU,1964,female,75.05
LTU,1964,male,68.3
LTU,1965,female,74.75
LTU,1965,male,68.15
LTU,1966,female,75.12
LTU,1966,male,68.15
LTU,1967,female,75.48
LTU,1967,male,67.98
LTU,1968,female,75.15
LTU,1968,male,67.68
LTU,1969,female,75.01
LTU,1969,male,67.08
LTU,1970,female,75.04
LTU,1970,male,66.81
LTU,1971,female,76.13
LTU,1971,male,67.56
LTU,1972,female,75.45
LTU,1972,male,66.83
LTU,1973,female,75.65
LTU,1973,male,67.23
LTU,1974,female,75.71
LTU,1974,male,67.01
LTU,1975,female,75.57
LTU,1975,male,66.37
LTU,1976,female,75.87
LTU,1976,male,66.3
LTU,1977,female,75.65
LTU,1977,male,66.2
LTU,1978,female,75.43
LTU,1978,male,66
LTU,1979,female,75.62
LTU,1979,male,65.58
LTU,1980,female,75.63
LTU,1980,male,65.58
LTU,1981,female,75.65
LTU,1981,male,65.5
LTU,1982,female,75.99
LTU,1982,male,65.92
LTU,1983,female,75.89
LTU,1983,male,65.9
LTU,1984,female,75.57
LTU,1984,male,65.33
LTU,1985,female,75.48
LTU,1985,male,65.76
LTU,1986,female,76.44
LTU,1986,male,67.93
LTU,1987,female,76.34
LTU,1987,male,67.73
LTU,1988,female,76.26
LTU,1988,male,67.46
LTU,1989,female,76.21
LTU,1989,male,66.84
LTU,1990,female,76.15
LTU,1990,male,66.39
LTU,1991,female,75.81
LTU,1991,male,65.13
LTU,1992,female,75.87
LTU,1992,male,64.78
LTU,1993,female,74.93
LTU,1993,male,63.12
LTU,1994,female,74.76
LTU,1994,male,62.51
LTU,1995,female,74.96
LTU,1995,male,63.24
LTU,1996,female,75.79
LTU,1996,male,64.61
LTU,1997,female,76.55
LTU,1997,male,65.45
LTU,1998,female,76.57
LTU,1998,male,65.97
LTU,1999,female,76.95
LTU,1999,male,66.33
LTU,2000,female,77.37
LTU,2000,male,66.74
LTU,2001,female,77.49
LTU,2001,male,65.9
LTU,2002,female,77.47
LTU,2002,male,66.17
LTU,2003,female,77.73
LTU,2003,male,66.4
LTU,2004,female,77.73
LTU,2004,male,66.27
LTU,2005,female,77.47
LTU,2005,male,65.21
LTU,2006,female,77.07
LTU,2006,male,65.05
LTU,2007,female,77.19
LTU,2007,male,64.51
LTU,2008,female,77.53
LTU,2008,male,65.93
LTU,2009,female,78.54
LTU,2009,male,67.12
LTU,2010,female,78.76
LTU,2010,male,67.55
LTU,2011,female,79.07
LTU,2011,male,68.04
LTU,2012,female,79.41
LTU,2012,male,68.41
LTU,2013,female,79.37
LTU,2013,male,68.57
LTU,2014,female,79.86
LTU,2014,male,69.2
LTU,2015,female,79.62
LTU,2015,male,69.25
LTU,2016,female,79.99
LTU,2016,male,69.62
LTU,2017,female,80.39
LTU,2017,male,70.88
LTU,2018,female,80.61
LTU,2018,male,71.08
LTU,2019,female,81.04
LTU,2019,male,71.67
LTU,2020,female,80.07
LTU,2020,male,70.26
LTU,2021,female,78.91
LTU,2021,male,69.62
LTU,2022,female,80.13
LTU,2022,male,71.37
LTU,2023,female,81.72
LTU,2023,male,72.87
LTU,2024,female,81.65
LTU,2024,male,73.02
LUX,1960,female,72.15
LUX,1960,male,66.03
LUX,1961,female,72.45
LUX,1961,male,66.78
LUX,1962,female,71.83
LUX,1962,male,65.67
LUX,1963,female,71.93
LUX,1963,male,65.94
LUX,1964,female,72.99
LUX,1964,male,65.44
LUX,1965,female,72.94
LUX,1965,male,66.09
LUX,1966,female,72.5
LUX,1966,male,66.27
LUX,1967,female,73.02
LUX,1967,male,66.53
LUX,1968,female,73.35
LUX,1968,male,67.33
LUX,1969,female,73.31
LUX,1969,male,66.57
LUX,1970,female,72.9
LUX,1970,male,66.38
LUX,1971,female,72.93
LUX,1971,male,66.16
LUX,1972,female,73.88
LUX,1972,male,67.64
LUX,1973,female,74.46
LUX,1973,male,66.76
LUX,1974,female,74.29
LUX,1974,male,66.95
LUX,1975,female,74.16
LUX,1975,male,67.05
LUX,1976,female,74.07
LUX,1976,male,66.99
LUX,1977,female,75.77
LUX,1977,male,67.93
LUX,1978,female,75.26
LUX,1978,male,68.26
LUX,1979,female,75.98
LUX,1979,male,68.84
LUX,1980,female,75.16
LUX,1980,male,69.84
LUX,1981,female,75.87
LUX,1981,male,68.89
LUX,1982,female,76.06
LUX,1982,male,68.82
LUX,1983,female,76.83
LUX,1983,male,69.78
LUX,1984,female,76.58
LUX,1984,male,69.59
LUX,1985,female,76.95
LUX,1985,male,70.22
LUX,1986,female,78.35
LUX,1986,male,70.7
LUX,1987,female,77.59
LUX,1987,male,70.59
LUX,1988,female,78.46
LUX,1988,male,70.94
LUX,1989,female,77.99
LUX,1989,male,71.23
LUX,1990,female,78.23
LUX,1990,male,72.29
LUX,1991,female,78.86
LUX,1991,male,71.93
LUX,1992,female,78.22
LUX,1992,male,71.88
LUX,1993,female,79.2
LUX,1993,male,72.13
LUX,1994,female,79.45
LUX,1994,male,73.12
LUX,1995,female,79.92
LUX,1995,male,72.88
LUX,1996,female,79.59
LUX,1996,male,73.16
LUX,1997,female,79.41
LUX,1997,male,73.95
LUX,1998,female,80.13
LUX,1998,male,73.66
LUX,1999,female,80.73
LUX,1999,male,74.29
LUX,2000,female,80.81
LUX,2000,male,74.51
LUX,2001,female,80.46
LUX,2001,male,75.06
LUX,2002,female,81.23
LUX,2002,male,74.62
LUX,2003,female,80.8
LUX,2003,male,74.82
LUX,2004,female,82.2
LUX,2004,male,76.04
LUX,2005,female,82.07
LUX,2005,male,76.76
LUX,2006,female,81.72
LUX,2006,male,76.82
LUX,2007,female,82
LUX,2007,male,76.73
LUX,2008,female,82.76
LUX,2008,male,78.12
LUX,2009,female,82.92
LUX,2009,male,78.15
LUX,2010,female,83.16
LUX,2010,male,77.96
LUX,2011,female,83.17
LUX,2011,male,78.39
LUX,2012,female,83.38
LUX,2012,male,78.77
LUX,2013,female,83.4
LUX,2013,male,79.34
LUX,2014,female,84.43
LUX,2014,male,79.08
LUX,2015,female,84.24
LUX,2015,male,79.65
LUX,2016,female,84.78
LUX,2016,male,79.78
LUX,2017,female,83.89
LUX,2017,male,79.56
LUX,2018,female,84.19
LUX,2018,male,79.82
LUX,2019,female,84.78
LUX,2019,male,79.96
LUX,2020,female,84.35
LUX,2020,male,79.77
LUX,2021,female,84.6
LUX,2021,male,80.36
LUX,2022,female,85.01
LUX,2022,male,80.59
LUX,2023,female,84.85
LUX,2023,male,81.41
LUX,2024,female,85.51
LUX,2024,male,80.96
LVA,1959,female,72.66
LVA,1959,male,65.56
LVA,1960,female,73.51
LVA,1960,male,66.28
LVA,1961,female,73.92
LVA,1961,male,66.33
LVA,1962,female,73.17
LVA,1962,male,65.83
LVA,1963,female,73.69
LVA,1963,male,66.22
LVA,1964,female,74.88
LVA,1964,male,67.33
LVA,1965,female,74.85
LVA,1965,male,66.79
LVA,1966,female,74.6
LVA,1966,male,66.99
LVA,1967,female,74.22
LVA,1967,male,66.75
LVA,1968,female,74.54
LVA,1968,male,65.76
LVA,1969,female,74.55
LVA,1969,male,65.28
LVA,1970,female,74.24
LVA,1970,male,65.65
LVA,1971,female,74.8
LVA,1971,male,65.74
LVA,1972,female,74.77
LVA,1972,male,65.24
LVA,1973,female,74.49
LVA,1973,male,65.34
LVA,1974,female,74.74
LVA,1974,male,64.97
LVA,1975,female,74.16
LVA,1975,male,63.93
LVA,1976,female,74.39
LVA,1976,male,63.97
LVA,1977,female,74.15
LVA,1977,male,64.28
LVA,1978,female,74.1
LVA,1978,male,64.1
LVA,1979,female,73.71
LVA,1979,male,63.52
LVA,1980,female,74.09
LVA,1980,male,63.74
LVA,1981,female,74.37
LVA,1981,male,63.44
LVA,1982,female,74.62
LVA,1982,male,64.24
LVA,1983,female,74.58
LVA,1983,male,63.87
LVA,1984,female,74.46
LVA,1984,male,64.06
LVA,1985,female,74.01
LVA,1985,male,64.74
LVA,1986,female,75.08
LVA,1986,male,66.29
LVA,1987,female,75.11
LVA,1987,male,66.38
LVA,1988,female,75.14
LVA,1988,male,66.19
LVA,1989,female,75.09
LVA,1989,male,65.33
LVA,1990,female,74.51
LVA,1990,male,64.13
LVA,1991,female,74.49
LVA,1991,male,63.68
LVA,1992,female,74.3
LVA,1992,male,62.58
LVA,1993,female,73.2
LVA,1993,male,60.38
LVA,1994,female,72.25
LVA,1994,male,58.72
LVA,1995,female,72.66
LVA,1995,male,59.71
LVA,1996,female,74.41
LVA,1996,male,62.73
LVA,1997,female,74.68
LVA,1997,male,63.62
LVA,1998,female,74.45
LVA,1998,male,63.2
LVA,1999,female,74.96
LVA,1999,male,64.19
LVA,2000,female,75.71
LVA,2000,male,64.53
LVA,2001,female,75.46
LVA,2001,male,64.26
LVA,2002,female,75.85
LVA,2002,male,64.43
LVA,2003,female,75.71
LVA,2003,male,65.35
LVA,2004,female,76.07
LVA,2004,male,65.6
LVA,2005,female,76.28
LVA,2005,male,64.94
LVA,2006,female,76.09
LVA,2006,male,64.96
LVA,2007,female,76.21
LVA,2007,male,65.3
LVA,2008,female,77.39
LVA,2008,male,66.44
LVA,2009,female,77.59
LVA,2009,male,67.51
LVA,2010,female,77.85
LVA,2010,male,67.89
LVA,2011,female,78.51
LVA,2011,male,68.55
LVA,2012,female,78.68
LVA,2012,male,68.85
LVA,2013,female,78.74
LVA,2013,male,69.26
LVA,2014,female,79.23
LVA,2014,male,69.06
LVA,2015,female,79.33
LVA,2015,male,69.67
LVA,2016,female,79.39
LVA,2016,male,69.78
LVA,2017,female,79.53
LVA,2017,male,69.8
LVA,2018,female,79.62
LVA,2018,male,70.05
LVA,2019,female,80.02
LVA,2019,male,70.9
LVA,2020,female,79.94
LVA,2020,male,70.59
LVA,2021,female,78.05
LVA,2021,male,68.26
LVA,2022,female,79.42
LVA,2022,male,69.48
LVA,2023,female,80.51
LVA,2023,male,70.49
LVA,2024,female,81.21
LVA,2024,male,71.38
NLD,1850,female,40.8
NLD,1850,male,38.89
NLD,1851,female,40.93
NLD,1851,male,39.35
NLD,1852,female,39.55
NLD,1852,male,37.87
NLD,1853,female,39.78
NLD,1853,male,37.72
NLD,1854,female,39.58
NLD,1854,male,37.88
NLD,1855,female,35.4
NLD,1855,male,33.79
NLD,1856,female,39.3
NLD,1856,male,37.65
NLD,1857,female,36.26
NLD,1857,male,34.59
NLD,1858,female,35.87
NLD,1858,male,33.76
NLD,1859,female,31.92
NLD,1859,male,29.94
NLD,1860,female,38.06
NLD,1860,male,35.98
NLD,1861,female,37.31
NLD,1861,male,35.74
NLD,1862,female,39.06
NLD,1862,male,37.7
NLD,1863,female,39.31
NLD,1863,male,37.35
NLD,1864,female,38.57
NLD,1864,male,36.77
NLD,1865,female,37.39
NLD,1865,male,35.58
NLD,1866,female,34.82
NLD,1866,male,32.61
NLD,1867,female,40.36
NLD,1867,male,38.29
NLD,1868,female,38.7
NLD,1868,male,36.88
NLD,1869,female,41.45
NLD,1869,male,39.45
NLD,1870,female,38.55
NLD,1870,male,36.57
NLD,1871,female,33.96
NLD,1871,male,32.09
NLD,1872,female,37.77
NLD,1872,male,35.21
NLD,1873,female,40.55
NLD,1873,male,38.03
NLD,1874,female,42.54
NLD,1874,male,40.11
NLD,1875,female,39.49
NLD,1875,male,37.25
NLD,1876,female,41.75
NLD,1876,male,39.23
NLD,1877,female,43.43
NLD,1877,male,40.79
NLD,1878,female,42.36
NLD,1878,male,39.88
NLD,1879,female,43.17
NLD,1879,male,40.84
NLD,1880,female,41.87
NLD,1880,male,39.03
NLD,1881,female,44.2
NLD,1881,male,41.63
NLD,1882,female,45.25
NLD,1882,male,42.42
NLD,1883,female,43.66
NLD,1883,male,41.12
NLD,1884,female,42.59
NLD,1884,male,40.15
NLD,1885,female,44.47
NLD,1885,male,42.14
NLD,1886,female,43.58
NLD,1886,male,40.46
NLD,1887,female,46.51
NLD,1887,male,43.52
NLD,1888,female,45.68
NLD,1888,male,42.84
NLD,1889,female,45.66
NLD,1889,male,43.13
NLD,1890,female,45.76
NLD,1890,male,43.13
NLD,1891,female,45.68
NLD,1891,male,42.93
NLD,1892,female,45.29
NLD,1892,male,42.68
NLD,1893,female,47.26
NLD,1893,male,44.52
NLD,1894,female,48.44
NLD,1894,male,45.6
NLD,1895,female,48.26
NLD,1895,male,45.26
NLD,1896,female,49.9
NLD,1896,male,47.25
NLD,1897,female,51.13
NLD,1897,male,47.81
NLD,1898,female,50.61
NLD,1898,male,47.66
NLD,1899,female,50.77
NLD,1899,male,48
NLD,1900,female,49.9
NLD,1900,male,47.12
NLD,1901,female,50.37
NLD,1901,male,47.21
NLD,1902,female,51.99
NLD,1902,male,49.35
NLD,1903,female,53.09
NLD,1903,male,50.05
NLD,1904,female,52.19
NLD,1904,male,49.59
NLD,1905,female,53.5
NLD,1905,male,50.76
NLD,1906,female,53.85
NLD,1906,male,51.73
NLD,1907,female,54.74
NLD,1907,male,52.31
NLD,1908,female,54
NLD,1908,male,51.59
NLD,1909,female,56.14
NLD,1909,male,53.75
NLD,1910,female,56.25
NLD,1910,male,54.07
NLD,1911,female,54.31
NLD,1911,male,52.08
NLD,1912,female,58.15
NLD,1912,male,56.16
NLD,1913,female,58.44
NLD,1913,male,56.3
NLD,1914,female,58.31
NLD,1914,male,56.1
NLD,1915,female,58.2
NLD,1915,male,56.3
NLD,1916,female,57.17
NLD,1916,male,55.19
NLD,1917,female,56.7
NLD,1917,male,54.64
NLD,1918,female,48.65
NLD,1918,male,46.64
NLD,1919,female,55.63
NLD,1919,male,53.97
NLD,1920,female,58.92
NLD,1920,male,57.09
NLD,1921,female,60.55
NLD,1921,male,58.91
NLD,1922,female,60.47
NLD,1922,male,59.14
NLD,1923,female,62.77
NLD,1923,male,61.26
NLD,1924,female,63.54
NLD,1924,male,62.25
NLD,1925,female,63.92
NLD,1925,male,62.35
NLD,1926,female,63.69
NLD,1926,male,62.3
NLD,1927,female,63.36
NLD,1927,male,61.9
NLD,1928,female,64.5
NLD,1928,male,62.94
NLD,1929,female,62.89
NLD,1929,male,61.44
NLD,1930,female,65.4
NLD,1930,male,63.95
NLD,1931,female,65.01
NLD,1931,male,63.67
NLD,1932,female,66.06
NLD,1932,male,64.75
NLD,1933,female,66.69
NLD,1933,male,65.4
NLD,1934,female,67.34
NLD,1934,male,65.88
NLD,1935,female,67.25
NLD,1935,male,65.8
NLD,1936,female,67.41
NLD,1936,male,66.08
NLD,1937,female,67.72
NLD,1937,male,66.23
NLD,1938,female,68.26
NLD,1938,male,66.55
NLD,1939,female,68.55
NLD,1939,male,66.92
NLD,1940,female,67.29
NLD,1940,male,63.59
NLD,1941,female,66.9
NLD,1941,male,63.82
NLD,1942,female,67.62
NLD,1942,male,64.07
NLD,1943,female,66.2
NLD,1943,male,62.69
NLD,1944,female,63.6
NLD,1944,male,59.07
NLD,1945,female,61.19
NLD,1945,male,50.78
NLD,1946,female,68.87
NLD,1946,male,66.24
NLD,1947,female,70.84
NLD,1947,male,68.3
NLD,1948,female,72.39
NLD,1948,male,69.72
NLD,1949,female,71.58
NLD,1949,male,69.02
NLD,1950,female,72.59
NLD,1950,male,70.31
NLD,1951,female,72.76
NLD,1951,male,70.26
NLD,1952,female,73.29
NLD,1952,male,70.96
NLD,1953,female,72.99
NLD,1953,male,70.43
NLD,1954,female,73.83
NLD,1954,male,70.96
NLD,1955,female,74.09
NLD,1955,male,70.94
NLD,1956,female,74.11
NLD,1956,male,70.97
NLD,1957,female,74.58
NLD,1957,male,71.38
NLD,1958,female,74.84
NLD,1958,male,71.46
NLD,1959,female,75.17
NLD,1959,male,71.25
NLD,1960,female,75.3
NLD,1960,male,71.45
NLD,1961,female,75.73
NLD,1961,male,71.43
NLD,1962,female,75.57
NLD,1962,male,70.96
NLD,1963,female,75.78
NLD,1963,male,71.01
NLD,1964,female,76.27
NLD,1964,male,71.28
NLD,1965,female,76.16
NLD,1965,male,71.14
NLD,1966,female,76.14
NLD,1966,male,71.05
NLD,1967,female,76.58
NLD,1967,male,71.18
NLD,1968,female,76.44
NLD,1968,male,70.93
NLD,1969,female,76.29
NLD,1969,male,70.92
NLD,1970,female,76.52
NLD,1970,male,70.83
NLD,1971,female,76.81
NLD,1971,male,71.03
NLD,1972,female,76.82
NLD,1972,male,70.84
NLD,1973,female,77.18
NLD,1973,male,71.35
NLD,1974,female,77.65
NLD,1974,male,71.63
NLD,1975,female,77.73
NLD,1975,male,71.47
NLD,1976,female,77.9
NLD,1976,male,71.53
NLD,1977,female,78.5
NLD,1977,male,72.08
NLD,1978,female,78.47
NLD,1978,male,71.94
NLD,1979,female,78.88
NLD,1979,male,72.43
NLD,1980,female,79.14
NLD,1980,male,72.44
NLD,1981,female,79.28
NLD,1981,male,72.7
NLD,1982,female,79.39
NLD,1982,male,72.73
NLD,1983,female,79.56
NLD,1983,male,72.93
NLD,1984,female,79.67
NLD,1984,male,72.96
NLD,1985,female,79.64
NLD,1985,male,73.06
NLD,1986,female,79.58
NLD,1986,male,73.07
NLD,1987,female,80.04
NLD,1987,male,73.5
NLD,1988,female,80.22
NLD,1988,male,73.68
NLD,1989,female,79.91
NLD,1989,male,73.66
NLD,1990,female,80.09
NLD,1990,male,73.82
NLD,1991,female,80.14
NLD,1991,male,74.05
NLD,1992,female,80.28
NLD,1992,male,74.3
NLD,1993,female,79.99
NLD,1993,male,73.98
NLD,1994,female,80.3
NLD,1994,male,74.58
NLD,1995,female,80.36
NLD,1995,male,74.6
NLD,1996,female,80.32
NLD,1996,male,74.65
NLD,1997,female,80.53
NLD,1997,male,75.16
NLD,1998,female,80.67
NLD,1998,male,75.18
NLD,1999,female,80.44
NLD,1999,male,75.33
NLD,2000,female,80.56
NLD,2000,male,75.53
NLD,2001,female,80.7
NLD,2001,male,75.81
NLD,2002,female,80.68
NLD,2002,male,75.99
NLD,2003,female,80.93
NLD,2003,male,76.24
NLD,2004,female,81.43
NLD,2004,male,76.87
NLD,2005,female,81.59
NLD,2005,male,77.2
NLD,2006,female,81.88
NLD,2006,male,77.63
NLD,2007,female,82.31
NLD,2007,male,78.02
NLD,2008,female,82.28
NLD,2008,male,78.32
NLD,2009,female,82.65
NLD,2009,male,78.54
NLD,2010,female,82.73
NLD,2010,male,78.78
NLD,2011,female,82.86
NLD,2011,male,79.21
NLD,2012,female,82.83
NLD,2012,male,79.15
NLD,2013,female,83.05
NLD,2013,male,79.42
NLD,2014,female,83.29
NLD,2014,male,79.88
NLD,2015,female,83.13
NLD,2015,male,79.74
NLD,2016,female,83.13
NLD,2016,male,79.88
NLD,2017,female,83.32
NLD,2017,male,80.07
NLD,2018,female,83.33
NLD,2018,male,80.16
NLD,2019,female,83.57
NLD,2019,male,80.47
NLD,2020,female,83.08
NLD,2020,male,79.68
NLD,2021,female,83
NLD,2021,male,79.69
NLD,2022,female,83.11
NLD,2022,male,80.12
NLD,2023,female,83.35
NLD,2023,male,80.31
NOR,1846,female,49.67
NOR,1846,male,46.44
NOR,1847,female,46.08
NOR,1847,male,43.47
NOR,1848,female,46.7
NOR,1848,male,43.36
NOR,1849,female,49.82
NOR,1849,male,46.31
NOR,1850,female,51.28
NOR,1850,male,47.78
NOR,1851,female,51.49
NOR,1851,male,47.97
NOR,1852,female,49.94
NOR,1852,male,46.98
NOR,1853,female,49.33
NOR,1853,male,46.48
NOR,1854,female,53.3
NOR,1854,male,49.92
NOR,1855,female,52.26
NOR,1855,male,48.59
NOR,1856,female,51.84
NOR,1856,male,48.84
NOR,1857,female,51.6
NOR,1857,male,48.81
NOR,1858,female,53.09
NOR,1858,male,50.04
NOR,1859,female,51.28
NOR,1859,male,48.56
NOR,1860,female,51.3
NOR,1860,male,48.67
NOR,1861,female,46.94
NOR,1861,male,44.67
NOR,1862,female,45.8
NOR,1862,male,43.61
NOR,1863,female,48.16
NOR,1863,male,45.27
NOR,1864,female,49.95
NOR,1864,male,47.62
NOR,1865,female,51.85
NOR,1865,male,48.98
NOR,1866,female,51.47
NOR,1866,male,48.35
NOR,1867,female,49.55
NOR,1867,male,46.22
NOR,1868,female,48.95
NOR,1868,male,45.42
NOR,1869,female,50.99
NOR,1869,male,47.54
NOR,1870,female,52.55
NOR,1870,male,49.18
NOR,1871,female,51.4
NOR,1871,male,47.96
NOR,1872,female,51.57
NOR,1872,male,48.47
NOR,1873,female,51.16
NOR,1873,male,48.19
NOR,1874,female,49.23
NOR,1874,male,46.3
NOR,1875,female,49.17
NOR,1875,male,46.1
NOR,1876,female,48.31
NOR,1876,male,45.33
NOR,1877,female,51.2
NOR,1877,male,48.3
NOR,1878,female,53.18
NOR,1878,male,50.4
NOR,1879,female,54.36
NOR,1879,male,51.93
NOR,1880,female,53.27
NOR,1880,male,50.5
NOR,1881,female,51.85
NOR,1881,male,49.03
NOR,1882,female,48.49
NOR,1882,male,46.26
NOR,1883,female,50.7
NOR,1883,male,48.49
NOR,1884,female,52
NOR,1884,male,49.52
NOR,1885,female,52.3
NOR,1885,male,49.76
NOR,1886,female,52.88
NOR,1886,male,50.48
NOR,1887,female,52.76
NOR,1887,male,50.56
NOR,1888,female,51.64
NOR,1888,male,49.06
NOR,1889,female,50.43
NOR,1889,male,47.65
NOR,1890,female,50.03
NOR,1890,male,47.13
NOR,1891,female,51.42
NOR,1891,male,48.13
NOR,1892,female,51.45
NOR,1892,male,47.86
NOR,1893,female,53.26
NOR,1893,male,49.48
NOR,1894,female,52.41
NOR,1894,male,48.79
NOR,1895,female,54.4
NOR,1895,male,51.15
NOR,1896,female,55.88
NOR,1896,male,51.76
NOR,1897,female,55.64
NOR,1897,male,51.76
NOR,1898,female,55.76
NOR,1898,male,52.12
NOR,1899,female,53.42
NOR,1899,male,49.8
NOR,1900,female,55.14
NOR,1900,male,51.77
NOR,1901,female,56.43
NOR,1901,male,52.72
NOR,1902,female,57.98
NOR,1902,male,54.93
NOR,1903,female,56.45
NOR,1903,male,53.44
NOR,1904,female,57.33
NOR,1904,male,54.78
NOR,1905,female,56.17
NOR,1905,male,53.94
NOR,1906,female,58.11
NOR,1906,male,55.63
NOR,1907,female,57.86
NOR,1907,male,55.05
NOR,1908,female,57.56
NOR,1908,male,54.96
NOR,1909,female,58.86
NOR,1909,male,55.98
NOR,1910,female,59.5
NOR,1910,male,56.39
NOR,1911,female,59.63
NOR,1911,male,56.35
NOR,1912,female,59.22
NOR,1912,male,56.18
NOR,1913,female,60.02
NOR,1913,male,56.54
NOR,1914,female,59.45
NOR,1914,male,56.1
NOR,1915,female,59.81
NOR,1915,male,56.45
NOR,1916,female,59.09
NOR,1916,male,55.34
NOR,1917,female,59.32
NOR,1917,male,56.09
NOR,1918,female,52.06
NOR,1918,male,48.55
NOR,1919,female,58.09
NOR,1919,male,55.47
NOR,1920,female,60.17
NOR,1920,male,57.52
NOR,1921,female,62.87
NOR,1921,male,60.23
NOR,1922,female,61.91
NOR,1922,male,59.62
NOR,1923,female,62.99
NOR,1923,male,60.56
NOR,1924,female,63.27
NOR,1924,male,60.89
NOR,1925,female,63.96
NOR,1925,male,61.02
NOR,1926,female,64.51
NOR,1926,male,61.94
NOR,1927,female,64.4
NOR,1927,male,61.27
NOR,1928,female,64.68
NOR,1928,male,62.07
NOR,1929,female,63.89
NOR,1929,male,60.99
NOR,1930,female,65.6
NOR,1930,male,62.56
NOR,1931,female,65.55
NOR,1931,male,62.78
NOR,1932,female,65.89
NOR,1932,male,63.26
NOR,1933,female,66.91
NOR,1933,male,64.03
NOR,1934,female,67.69
NOR,1934,male,64.69
NOR,1935,female,67.3
NOR,1935,male,64.37
NOR,1936,female,67.36
NOR,1936,male,64.25
NOR,1937,female,67.65
NOR,1937,male,64.37
NOR,1938,female,68.98
NOR,1938,male,65.2
NOR,1939,female,69.04
NOR,1939,male,65.64
NOR,1940,female,68.63
NOR,1940,male,63.24
NOR,1941,female,68.24
NOR,1941,male,63.3
NOR,1942,female,68.63
NOR,1942,male,62.88
NOR,1943,female,69.03
NOR,1943,male,63.26
NOR,1944,female,68.71
NOR,1944,male,63.09
NOR,1945,female,70.45
NOR,1945,male,65.97
NOR,1946,female,71.3
NOR,1946,male,67.79
NOR,1947,female,71.67
NOR,1947,male,68.35
NOR,1948,female,72.86
NOR,1948,male,69.39
NOR,1949,female,73.07
NOR,1949,male,69.98
NOR,1950,female,73.25
NOR,1950,male,69.92
NOR,1951,female,74.29
NOR,1951,male,70.76
NOR,1952,female,74.3
NOR,1952,male,70.99
NOR,1953,female,75.07
NOR,1953,male,71.24
NOR,1954,female,75.09
NOR,1954,male,71.33
NOR,1955,female,75.34
NOR,1955,male,71.53
NOR,1956,female,75.53
NOR,1956,male,71.46
NOR,1957,female,75.53
NOR,1957,male,71.37
NOR,1958,female,75.53
NOR,1958,male,71.36
NOR,1959,female,75.79
NOR,1959,male,71.36
NOR,1960,female,75.86
NOR,1960,male,71.33
NOR,1961,female,76.05
NOR,1961,male,71.16
NOR,1962,female,76.05
NOR,1962,male,70.96
NOR,1963,female,75.49
NOR,1963,male,70.78
NOR,1964,female,76.07
NOR,1964,male,71.22
NOR,1965,female,76.53
NOR,1965,male,71.05
NOR,1966,female,76.71
NOR,1966,male,71.41
NOR,1967,female,76.94
NOR,1967,male,71.33
NOR,1968,female,76.79
NOR,1968,male,71.22
NOR,1969,female,76.67
NOR,1969,male,70.81
NOR,1970,female,77.32
NOR,1970,male,71
NOR,1971,female,77.36
NOR,1971,male,71.15
NOR,1972,female,77.51
NOR,1972,male,71.34
NOR,1973,female,77.71
NOR,1973,male,71.33
NOR,1974,female,77.97
NOR,1974,male,71.7
NOR,1975,female,78.06
NOR,1975,male,71.72
NOR,1976,female,78.2
NOR,1976,male,72.02
NOR,1977,female,78.67
NOR,1977,male,72.26
NOR,1978,female,78.62
NOR,1978,male,72.36
NOR,1979,female,78.82
NOR,1979,male,72.17
NOR,1980,female,79.17
NOR,1980,male,72.34
NOR,1981,female,79.27
NOR,1981,male,72.64
NOR,1982,female,79.54
NOR,1982,male,72.65
NOR,1983,female,79.56
NOR,1983,male,72.74
NOR,1984,female,79.61
NOR,1984,male,73.01
NOR,1985,female,79.41
NOR,1985,male,72.59
NOR,1986,female,79.75
NOR,1986,male,72.89
NOR,1987,female,79.58
NOR,1987,male,72.76
NOR,1988,female,79.57
NOR,1988,male,73.06
NOR,1989,female,79.84
NOR,1989,male,73.33
NOR,1990,female,79.8
NOR,1990,male,73.45
NOR,1991,female,80.09
NOR,1991,male,74.02
NOR,1992,female,80.35
NOR,1992,male,74.17
NOR,1993,female,80.24
NOR,1993,male,74.24
NOR,1994,female,80.65
NOR,1994,male,74.89
NOR,1995,female,80.81
NOR,1995,male,74.8
NOR,1996,female,81.06
NOR,1996,male,75.37
NOR,1997,female,80.97
NOR,1997,male,75.46
NOR,1998,female,81.26
NOR,1998,male,75.53
NOR,1999,female,81.12
NOR,1999,male,75.61
NOR,2000,female,81.37
NOR,2000,male,75.95
NOR,2001,female,81.52
NOR,2001,male,76.21
NOR,2002,female,81.46
NOR,2002,male,76.4
NOR,2003,female,81.93
NOR,2003,male,77.03
NOR,2004,female,82.33
NOR,2004,male,77.5
NOR,2005,female,82.51
NOR,2005,male,77.72
NOR,2006,female,82.66
NOR,2006,male,78.12
NOR,2007,female,82.67
NOR,2007,male,78.24
NOR,2008,female,82.96
NOR,2008,male,78.32
NOR,2009,female,83.06
NOR,2009,male,78.59
NOR,2010,female,83.15
NOR,2010,male,78.85
NOR,2011,female,83.44
NOR,2011,male,79
NOR,2012,female,83.42
NOR,2012,male,79.42
NOR,2013,female,83.61
NOR,2013,male,79.66
NOR,2014,female,84.1
NOR,2014,male,80.03
NOR,2015,female,84.14
NOR,2015,male,80.37
NOR,2016,female,84.17
NOR,2016,male,80.62
NOR,2017,female,84.28
NOR,2017,male,80.92
NOR,2018,female,84.5
NOR,2018,male,81.01
NOR,2019,female,84.7
NOR,2019,male,81.18
NOR,2020,female,84.9
NOR,2020,male,81.48
NOR,2021,female,84.73
NOR,2021,male,81.59
NOR,2022,female,84.36
NOR,2022,male,80.92
NOR,2023,female,84.64
NOR,2023,male,81.39
NOR,2024,female,84.8
NOR,2024,male,81.59
NZL_NP,1948,female,70.83
NZL_NP,1948,male,66.97
NZL_NP,1949,female,70.74
NZL_NP,1949,male,67.27
NZL_NP,1950,female,71.24
NZL_NP,1950,male,67.41
NZL_NP,1951,female,71.44
NZL_NP,1951,male,66.98
NZL_NP,1952,female,71.49
NZL_NP,1952,male,67.39
NZL_NP,1953,female,72.7
NZL_NP,1953,male,67.92
NZL_NP,1954,female,72.85
NZL_NP,1954,male,68
NZL_NP,1955,female,72.99
NZL_NP,1955,male,68.13
NZL_NP,1956,female,73.28
NZL_NP,1956,male,68.37
NZL_NP,1957,female,73.02
NZL_NP,1957,male,67.71
NZL_NP,1958,female,73.48
NZL_NP,1958,male,68.44
NZL_NP,1959,female,73.39
NZL_NP,1959,male,68.33
NZL_NP,1960,female,73.95
NZL_NP,1960,male,68.67
NZL_NP,1961,female,73.67
NZL_NP,1961,male,68.37
NZL_NP,1962,female,74.12
NZL_NP,1962,male,68.48
NZL_NP,1963,female,74.23
NZL_NP,1963,male,68.52
NZL_NP,1964,female,74.31
NZL_NP,1964,male,68.49
NZL_NP,1965,female,74.31
NZL_NP,1965,male,68.33
NZL_NP,1966,female,74.32
NZL_NP,1966,male,68.07
NZL_NP,1967,female,74.67
NZL_NP,1967,male,68.41
NZL_NP,1968,female,74.29
NZL_NP,1968,male,68.12
NZL_NP,1969,female,74.75
NZL_NP,1969,male,68.41
NZL_NP,1970,female,74.49
NZL_NP,1970,male,68.16
NZL_NP,1971,female,74.99
NZL_NP,1971,male,68.66
NZL_NP,1972,female,74.75
NZL_NP,1972,male,69.02
NZL_NP,1973,female,75.14
NZL_NP,1973,male,68.44
NZL_NP,1974,female,75.13
NZL_NP,1974,male,68.91
NZL_NP,1975,female,75.55
NZL_NP,1975,male,69.03
NZL_NP,1976,female,75.67
NZL_NP,1976,male,69.3
NZL_NP,1977,female,75.58
NZL_NP,1977,male,68.89
NZL_NP,1978,female,76.43
NZL_NP,1978,male,69.76
NZL_NP,1979,female,76.48
NZL_NP,1979,male,69.81
NZL_NP,1980,female,75.79
NZL_NP,1980,male,70.04
NZL_NP,1981,female,76.9
NZL_NP,1981,male,70.5
NZL_NP,1982,female,76.88
NZL_NP,1982,male,70.67
NZL_NP,1983,female,76.94
NZL_NP,1983,male,70.81
NZL_NP,1984,female,77.67
NZL_NP,1984,male,71.16
NZL_NP,1985,female,76.84
NZL_NP,1985,male,70.98
NZL_NP,1986,female,77.36
NZL_NP,1986,male,70.97
NZL_NP,1987,female,77.15
NZL_NP,1987,male,71.31
NZL_NP,1988,female,77.6
NZL_NP,1988,male,71.42
NZL_NP,1989,female,77.99
NZL_NP,1989,male,71.82
NZL_NP,1990,female,78.36
NZL_NP,1990,male,72.48
NZL_NP,1991,female,78.85
NZL_NP,1991,male,73.26
NZL_NP,1992,female,79.3
NZL_NP,1992,male,73.11
NZL_NP,1993,female,79.18
NZL_NP,1993,male,73.76
NZL_NP,1994,female,79.65
NZL_NP,1994,male,74.14
NZL_NP,1995,female,79.47
NZL_NP,1995,male,74.06
NZL_NP,1996,female,79.34
NZL_NP,1996,male,74.22
NZL_NP,1997,female,80.06
NZL_NP,1997,male,74.6
NZL_NP,1998,female,80.79
NZL_NP,1998,male,75.46
NZL_NP,1999,female,80.37
NZL_NP,1999,male,75.38
NZL_NP,2000,female,81.2
NZL_NP,2000,male,76.04
NZL_NP,2001,female,80.99
NZL_NP,2001,male,76.25
NZL_NP,2002,female,81.07
NZL_NP,2002,male,76.56
NZL_NP,2003,female,81.35
NZL_NP,2003,male,76.85
NZL_NP,2004,female,81.36
NZL_NP,2004,male,77.24
NZL_NP,2005,female,82.11
NZL_NP,2005,male,77.85
NZL_NP,2006,female,82.02
NZL_NP,2006,male,77.91
NZL_NP,2007,female,82.16
NZL_NP,2007,male,77.99
NZL_NP,2008,female,82.23
NZL_NP,2008,male,78.18
NZL_NP,2009,female,82.48
NZL_NP,2009,male,78.53
NZL_NP,2010,female,82.93
NZL_NP,2010,male,79.09
NZL_NP,2011,female,82.59
NZL_NP,2011,male,79.03
NZL_NP,2012,female,83.02
NZL_NP,2012,male,79.25
NZL_NP,2013,female,83.4
NZL_NP,2013,male,79.74
NZL_NP,2014,female,83.21
NZL_NP,2014,male,79.57
NZL_NP,2015,female,83.22
NZL_NP,2015,male,79.91
NZL_NP,2016,female,83.74
NZL_NP,2016,male,80.22
NZL_NP,2017,female,83.3
NZL_NP,2017,male,79.89
NZL_NP,2018,female,83.62
NZL_NP,2018,male,80.15
NZL_NP,2019,female,83.65
NZL_NP,2019,male,80
NZL_NP,2020,female,84.46
NZL_NP,2020,male,80.85
NZL_NP,2021,female,84.02
NZL_NP,2021,male,80.56
NZL_MA,1948,female,53.04
NZL_MA,1948,male,52.09
NZL_MA,1949,female,50.34
NZL_MA,1949,male,52
NZL_MA,1950,female,55
NZL_MA,1950,male,53.78
NZL_MA,1951,female,56.47
NZL_MA,1951,male,54.53
NZL_MA,1952,female,54.71
NZL_MA,1952,male,53.45
NZL_MA,1953,female,58.13
NZL_MA,1953,male,55.08
NZL_MA,1954,female,60.51
NZL_MA,1954,male,57.28
NZL_MA,1955,female,59.06
NZL_MA,1955,male,58.08
NZL_MA,1956,female,59.5
NZL_MA,1956,male,57.98
NZL_MA,1957,female,58.04
NZL_MA,1957,male,56.39
NZL_MA,1958,female,62.03
NZL_MA,1958,male,58.58
NZL_MA,1959,female,60.67
NZL_MA,1959,male,59.6
NZL_MA,1960,female,60.62
NZL_MA,1960,male,58.38
NZL_MA,1961,female,61.98
NZL_MA,1961,male,58.54
NZL_MA,1962,female,63.73
NZL_MA,1962,male,61.25
NZL_MA,1963,female,63.93
NZL_MA,1963,male,61.85
NZL_MA,1964,female,64.4
NZL_MA,1964,male,62.64
NZL_MA,1965,female,65.43
NZL_MA,1965,male,61.39
NZL_MA,1966,female,64.06
NZL_MA,1966,male,61.54
NZL_MA,1967,female,65.5
NZL_MA,1967,male,62.25
NZL_MA,1968,female,64.51
NZL_MA,1968,male,61.09
NZL_MA,1969,female,65.26
NZL_MA,1969,male,60.49
NZL_MA,1970,female,63.99
NZL_MA,1970,male,60.8
NZL_MA,1971,female,64.78
NZL_MA,1971,male,60.66
NZL_MA,1972,female,65.55
NZL_MA,1972,male,61.61
NZL_MA,1973,female,66.23
NZL_MA,1973,male,60.98
NZL_MA,1974,female,67.4
NZL_MA,1974,male,62.86
NZL_MA,1975,female,67.2
NZL_MA,1975,male,62.74
NZL_MA,1976,female,67.54
NZL_MA,1976,male,63.34
NZL_MA,1977,female,66.8
NZL_MA,1977,male,62.78
NZL_MA,1978,female,69.65
NZL_MA,1978,male,64.8
NZL_MA,1979,female,69.55
NZL_MA,1979,male,64.05
NZL_MA,1980,female,68.74
NZL_MA,1980,male,64.98
NZL_MA,1981,female,69.87
NZL_MA,1981,male,65.26
NZL_MA,1982,female,69.74
NZL_MA,1982,male,65.45
NZL_MA,1983,female,70.63
NZL_MA,1983,male,65.11
NZL_MA,1984,female,71.71
NZL_MA,1984,male,66.27
NZL_MA,1985,female,70.97
NZL_MA,1985,male,67.19
NZL_MA,1986,female,73.36
NZL_MA,1986,male,67.28
NZL_MA,1987,female,73.17
NZL_MA,1987,male,68.49
NZL_MA,1988,female,72.98
NZL_MA,1988,male,68.47
NZL_MA,1989,female,72.94
NZL_MA,1989,male,68.09
NZL_MA,1990,female,72.28
NZL_MA,1990,male,68.52
NZL_MA,1991,female,73.29
NZL_MA,1991,male,68.2
NZL_MA,1992,female,75.18
NZL_MA,1992,male,68.83
NZL_MA,1993,female,73.89
NZL_MA,1993,male,68.6
NZL_MA,1994,female,74.87
NZL_MA,1994,male,70.41
NZL_MA,1995,female,75.02
NZL_MA,1995,male,69.96
NZL_MA,1996,female,70.97
NZL_MA,1996,male,66.38
NZL_MA,1997,female,71.89
NZL_MA,1997,male,67.15
NZL_MA,1998,female,73.28
NZL_MA,1998,male,67.68
NZL_MA,1999,female,72.88
NZL_MA,1999,male,67.58
NZL_MA,2000,female,73.25
NZL_MA,2000,male,68.73
NZL_MA,2001,female,73.4
NZL_MA,2001,male,69.87
NZL_MA,2002,female,74.16
NZL_MA,2002,male,69.81
NZL_MA,2003,female,74.69
NZL_MA,2003,male,69.61
NZL_MA,2004,female,74.68
NZL_MA,2004,male,70.27
NZL_MA,2005,female,75.34
NZL_MA,2005,male,71.01
NZL_MA,2006,female,75.67
NZL_MA,2006,male,71.33
NZL_MA,2007,female,76.36
NZL_MA,2007,male,71.33
NZL_MA,2008,female,75.64
NZL_MA,2008,male,72.51
NZL_NM,1901,female,60.53
NZL_NM,1901,male,58.43
NZL_NM,1902,female,59.3
NZL_NM,1902,male,56.62
NZL_NM,1903,female,59.53
NZL_NM,1903,male,56.94
NZL_NM,1904,female,61.86
NZL_NM,1904,male,58.92
NZL_NM,1905,female,62.45
NZL_NM,1905,male,60.25
NZL_NM,1906,female,62.83
NZL_NM,1906,male,60
NZL_NM,1907,female,58.95
NZL_NM,1907,male,56.85
NZL_NM,1908,female,62.49
NZL_NM,1908,male,59.34
NZL_NM,1909,female,63.24
NZL_NM,1909,male,60.27
NZL_NM,1910,female,62.5
NZL_NM,1910,male,59.85
NZL_NM,1911,female,63.34
NZL_NM,1911,male,60.41
NZL_NM,1912,female,64.54
NZL_NM,1912,male,61.63
NZL_NM,1913,female,63.15
NZL_NM,1913,male,60.34
NZL_NM,1914,female,64.14
NZL_NM,1914,male,60.53
NZL_NM,1915,female,64.52
NZL_NM,1915,male,61.22
NZL_NM,1916,female,63.93
NZL_NM,1916,male,60.03
NZL_NM,1917,female,64.29
NZL_NM,1917,male,61.29
NZL_NM,1918,female,57.41
NZL_NM,1918,male,50.61
NZL_NM,1919,female,64.73
NZL_NM,1919,male,61.62
NZL_NM,1920,female,62.29
NZL_NM,1920,male,60.13
NZL_NM,1921,female,65.52
NZL_NM,1921,male,62.39
NZL_NM,1922,female,65.44
NZL_NM,1922,male,63.05
NZL_NM,1923,female,65.05
NZL_NM,1923,male,62.6
NZL_NM,1924,female,66.69
NZL_NM,1924,male,63.7
NZL_NM,1925,female,66.53
NZL_NM,1925,male,64.05
NZL_NM,1926,female,66.13
NZL_NM,1926,male,63.34
NZL_NM,1927,female,66.75
NZL_NM,1927,male,64.03
NZL_NM,1928,female,66.71
NZL_NM,1928,male,64
NZL_NM,1929,female,66.9
NZL_NM,1929,male,63.68
NZL_NM,1930,female,67.31
NZL_NM,1930,male,64.28
NZL_NM,1931,female,67.78
NZL_NM,1931,male,64.93
NZL_NM,1932,female,68.28
NZL_NM,1932,male,66.33
NZL_NM,1933,female,69.03
NZL_NM,1933,male,66.21
NZL_NM,1934,female,68.51
NZL_NM,1934,male,65.72
NZL_NM,1935,female,69.14
NZL_NM,1935,male,66.42
NZL_NM,1936,female,68.48
NZL_NM,1936,male,65.9
NZL_NM,1937,female,68.6
NZL_NM,1937,male,65.61
NZL_NM,1938,female,67.88
NZL_NM,1938,male,64.01
NZL_NM,1939,female,69.26
NZL_NM,1939,male,65.98
NZL_NM,1940,female,69.7
NZL_NM,1940,male,66.13
NZL_NM,1941,female,69.2
NZL_NM,1941,male,65.75
NZL_NM,1942,female,68.57
NZL_NM,1942,male,65
NZL_NM,1943,female,69.63
NZL_NM,1943,male,65.78
NZL_NM,1944,female,70.01
NZL_NM,1944,male,66.18
NZL_NM,1945,female,70.24
NZL_NM,1945,male,66.5
NZL_NM,1946,female,70.43
NZL_NM,1946,male,67.29
NZL_NM,1947,female,71.65
NZL_NM,1947,male,67.76
NZL_NM,1948,female,72.19
NZL_NM,1948,male,68.23
NZL_NM,1949,female,72.32
NZL_NM,1949,male,68.53
NZL_NM,1950,female,72.46
NZL_NM,1950,male,68.48
NZL_NM,1951,female,72.4
NZL_NM,1951,male,67.95
NZL_NM,1952,female,72.69
NZL_NM,1952,male,68.54
NZL_NM,1953,female,73.68
NZL_NM,1953,male,68.95
NZL_NM,1954,female,73.65
NZL_NM,1954,male,68.82
NZL_NM,1955,female,73.88
NZL_NM,1955,male,69
NZL_NM,1956,female,74.15
NZL_NM,1956,male,69.14
NZL_NM,1957,female,73.99
NZL_NM,1957,male,68.61
NZL_NM,1958,female,74.25
NZL_NM,1958,male,69.18
NZL_NM,1959,female,74.17
NZL_NM,1959,male,69.05
NZL_NM,1960,female,74.73
NZL_NM,1960,male,69.46
NZL_NM,1961,female,74.45
NZL_NM,1961,male,69.17
NZL_NM,1962,female,74.75
NZL_NM,1962,male,69.03
NZL_NM,1963,female,74.78
NZL_NM,1963,male,68.99
NZL_NM,1964,female,74.8
NZL_NM,1964,male,68.93
NZL_NM,1965,female,74.78
NZL_NM,1965,male,68.84
NZL_NM,1966,female,74.92
NZL_NM,1966,male,68.52
NZL_NM,1967,female,75.21
NZL_NM,1967,male,68.87
NZL_NM,1968,female,74.81
NZL_NM,1968,male,68.59
NZL_NM,1969,female,75.24
NZL_NM,1969,male,68.95
NZL_NM,1970,female,75.11
NZL_NM,1970,male,68.69
NZL_NM,1971,female,75.58
NZL_NM,1971,male,69.25
NZL_NM,1972,female,75.25
NZL_NM,1972,male,69.48
NZL_NM,1973,female,75.6
NZL_NM,1973,male,68.93
NZL_NM,1974,female,75.53
NZL_NM,1974,male,69.3
NZL_NM,1975,female,76
NZL_NM,1975,male,69.4
NZL_NM,1976,female,76.1
NZL_NM,1976,male,69.68
NZL_NM,1977,female,76.06
NZL_NM,1977,male,69.27
NZL_NM,1978,female,76.81
NZL_NM,1978,male,70.05
NZL_NM,1979,female,76.91
NZL_NM,1979,male,70.16
NZL_NM,1980,female,76.24
NZL_NM,1980,male,70.36
NZL_NM,1981,female,77.28
NZL_NM,1981,male,70.79
NZL_NM,1982,female,77.28
NZL_NM,1982,male,71.01
NZL_NM,1983,female,77.29
NZL_NM,1983,male,71.18
NZL_NM,1984,female,78.02
NZL_NM,1984,male,71.5
NZL_NM,1985,female,77.14
NZL_NM,1985,male,71.2
NZL_NM,1986,female,77.58
NZL_NM,1986,male,71.14
NZL_NM,1987,female,77.37
NZL_NM,1987,male,71.5
NZL_NM,1988,female,77.85
NZL_NM,1988,male,71.58
NZL_NM,1989,female,78.27
NZL_NM,1989,male,72.12
NZL_NM,1990,female,78.76
NZL_NM,1990,male,72.74
NZL_NM,1991,female,79.2
NZL_NM,1991,male,73.62
NZL_NM,1992,female,79.61
NZL_NM,1992,male,73.44
NZL_NM,1993,female,79.58
NZL_NM,1993,male,74.2
NZL_NM,1994,female,80.04
NZL_NM,1994,male,74.44
NZL_NM,1995,female,79.87
NZL_NM,1995,male,74.44
NZL_NM,1996,female,80.22
NZL_NM,1996,male,75.15
NZL_NM,1997,female,80.92
NZL_NM,1997,male,75.53
NZL_NM,1998,female,81.49
NZL_NM,1998,male,76.4
NZL_NM,1999,female,81.14
NZL_NM,1999,male,76.37
NZL_NM,2000,female,82.01
NZL_NM,2000,male,76.9
NZL_NM,2001,female,81.85
NZL_NM,2001,male,77.02
NZL_NM,2002,female,81.84
NZL_NM,2002,male,77.43
NZL_NM,2003,female,82.09
NZL_NM,2003,male,77.82
NZL_NM,2004,female,82.17
NZL_NM,2004,male,78.18
NZL_NM,2005,female,82.89
NZL_NM,2005,male,78.81
NZL_NM,2006,female,82.81
NZL_NM,2006,male,78.85
NZL_NM,2007,female,82.89
NZL_NM,2007,male,78.98
NZL_NM,2008,female,83.06
NZL_NM,2008,male,79.05
POL,1958,female,68.62
POL,1958,male,63.02
POL,1959,female,68.32
POL,1959,male,62.61
POL,1960,female,70.63
POL,1960,male,64.81
POL,1961,female,70.81
POL,1961,male,64.86
POL,1962,female,70.53
POL,1962,male,64.55
POL,1963,female,71.52
POL,1963,male,65.4
POL,1964,female,71.61
POL,1964,male,65.75
POL,1965,female,72.36
POL,1965,male,66.4
POL,1966,female,72.86
POL,1966,male,66.72
POL,1967,female,72.67
POL,1967,male,66.34
POL,1968,female,73.39
POL,1968,male,66.89
POL,1969,female,72.97
POL,1969,male,66.31
POL,1970,female,72.87
POL,1970,male,66.17
POL,1971,female,72.9
POL,1971,male,65.75
POL,1972,female,73.93
POL,1972,male,67.02
POL,1973,female,74.06
POL,1973,male,66.88
POL,1974,female,74.4
POL,1974,male,67.5
POL,1975,female,74.06
POL,1975,male,66.74
POL,1976,female,74.28
POL,1976,male,66.55
POL,1977,female,74.34
POL,1977,male,66.31
POL,1978,female,74.35
POL,1978,male,66.12
POL,1979,female,74.69
POL,1979,male,66.48
POL,1980,female,74.21
POL,1980,male,65.76
POL,1981,female,75
POL,1981,male,66.83
POL,1982,female,74.97
POL,1982,male,66.98
POL,1983,female,74.91
POL,1983,male,66.78
POL,1984,female,74.7
POL,1984,male,66.56
POL,1985,female,74.54
POL,1985,male,66.27
POL,1986,female,74.84
POL,1986,male,66.48
POL,1987,female,74.89
POL,1987,male,66.53
POL,1988,female,75.3
POL,1988,male,66.81
POL,1989,female,75.2
POL,1989,male,66.46
POL,1990,female,75.28
POL,1990,male,66.25
POL,1991,female,75.11
POL,1991,male,65.87
POL,1992,female,75.53
POL,1992,male,66.45
POL,1993,female,75.83
POL,1993,male,67.12
POL,1994,female,76.08
POL,1994,male,67.43
POL,1995,female,76.39
POL,1995,male,67.55
POL,1996,female,76.56
POL,1996,male,68
POL,1997,female,76.95
POL,1997,male,68.3
POL,1998,female,77.29
POL,1998,male,68.66
POL,1999,female,77.43
POL,1999,male,68.63
POL,2000,female,77.93
POL,2000,male,69.52
POL,2001,female,78.36
POL,2001,male,70.05
POL,2002,female,78.76
POL,2002,male,70.37
POL,2003,female,78.88
POL,2003,male,70.56
POL,2004,female,79.22
POL,2004,male,70.71
POL,2005,female,79.33
POL,2005,male,70.84
POL,2006,female,79.56
POL,2006,male,70.99
POL,2007,female,79.65
POL,2007,male,71.02
POL,2008,female,79.84
POL,2008,male,71.31
POL,2009,female,79.93
POL,2009,male,71.58
POL,2010,female,80.43
POL,2010,male,72.13
POL,2011,female,80.72
POL,2011,male,72.49
POL,2012,female,80.74
POL,2012,male,72.6
POL,2013,female,80.88
POL,2013,male,72.95
POL,2014,female,81.36
POL,2014,male,73.62
POL,2015,female,81.26
POL,2015,male,73.43
POL,2016,female,81.66
POL,2016,male,73.77
POL,2017,female,81.48
POL,2017,male,73.78
POL,2018,female,81.42
POL,2018,male,73.66
POL,2019,female,81.66
POL,2019,male,73.99
POL,2020,female,80.61
POL,2020,male,72.47
POL,2021,female,79.6
POL,2021,male,71.64
POL,2022,female,81.09
POL,2022,male,73.43
POL,2023,female,82.04
POL,2023,male,74.68
PRT,1940,female,53.59
PRT,1940,male,49.08
PRT,1941,female,49.96
PRT,1941,male,45.93
PRT,1942,female,51.82
PRT,1942,male,47.65
PRT,1943,female,53.36
PRT,1943,male,48.79
PRT,1944,female,55.05
PRT,1944,male,49.66
PRT,1945,female,56.39
PRT,1945,male,51.08
PRT,1946,female,56.31
PRT,1946,male,51.11
PRT,1947,female,58.36
PRT,1947,male,53.37
PRT,1948,female,59.26
PRT,1948,male,54.04
PRT,1949,female,57.92
PRT,1949,male,52.78
PRT,1950,female,61.02
PRT,1950,male,55.78
PRT,1951,female,61.3
PRT,1951,male,56.06
PRT,1952,female,62.18
PRT,1952,male,57.16
PRT,1953,female,63.62
PRT,1953,male,58.37
PRT,1954,female,64.78
PRT,1954,male,59.45
PRT,1955,female,63.93
PRT,1955,male,58.72
PRT,1956,female,63.74
PRT,1956,male,58.46
PRT,1957,female,64
PRT,1957,male,58.63
PRT,1958,female,66.4
PRT,1958,male,60.87
PRT,1959,female,65.68
PRT,1959,male,60.01
PRT,1960,female,66.88
PRT,1960,male,61.27
PRT,1961,female,65.5
PRT,1961,male,59.97
PRT,1962,female,67.22
PRT,1962,male,61.28
PRT,1963,female,67.81
PRT,1963,male,61.9
PRT,1964,female,67.99
PRT,1964,male,62.12
PRT,1965,female,69.13
PRT,1965,male,62.94
PRT,1966,female,68.76
PRT,1966,male,62.37
PRT,1967,female,69.63
PRT,1967,male,63.2
PRT,1968,female,69.88
PRT,1968,male,63.63
PRT,1969,female,69.57
PRT,1969,male,63.14
PRT,1970,female,70.11
PRT,1970,male,63.88
PRT,1971,female,70.12
PRT,1971,male,63.49
PRT,1972,female,72.27
PRT,1972,male,65.92
PRT,1973,female,71.63
PRT,1973,male,65.44
PRT,1974,female,72.36
PRT,1974,male,65.79
PRT,1975,female,72.53
PRT,1975,male,65.13
PRT,1976,female,72.71
PRT,1976,male,65.48
PRT,1977,female,73.93
PRT,1977,male,66.72
PRT,1978,female,74.18
PRT,1978,male,67.34
PRT,1979,female,74.94
PRT,1979,male,68.18
PRT,1980,female,75.17
PRT,1980,male,68.11
PRT,1981,female,75.42
PRT,1981,male,68.31
PRT,1982,female,76.18
PRT,1982,male,69.14
PRT,1983,female,76.08
PRT,1983,male,69.16
PRT,1984,female,76.46
PRT,1984,male,69.37
PRT,1985,female,76.75
PRT,1985,male,69.64
PRT,1986,female,77.07
PRT,1986,male,70.15
PRT,1987,female,77.48
PRT,1987,male,70.58
PRT,1988,female,77.63
PRT,1988,male,70.49
PRT,1989,female,78.17
PRT,1989,male,71.1
PRT,1990,female,77.8
PRT,1990,male,70.77
PRT,1991,female,77.9
PRT,1991,male,70.58
PRT,1992,female,78.59
PRT,1992,male,71.14
PRT,1993,female,78.41
PRT,1993,male,71.11
PRT,1994,female,79.25
PRT,1994,male,72.15
PRT,1995,female,79.22
PRT,1995,male,71.86
PRT,1996,female,79.23
PRT,1996,male,71.73
PRT,1997,female,79.52
PRT,1997,male,72.29
PRT,1998,female,79.75
PRT,1998,male,72.47
PRT,1999,female,79.89
PRT,1999,male,72.73
PRT,2000,female,80.35
PRT,2000,male,73.27
PRT,2001,female,80.68
PRT,2001,male,73.59
PRT,2002,female,80.82
PRT,2002,male,73.87
PRT,2003,female,80.86
PRT,2003,male,74.23
PRT,2004,female,81.8
PRT,2004,male,74.96
PRT,2005,female,81.64
PRT,2005,male,74.9
PRT,2006,female,82.56
PRT,2006,male,75.52
PRT,2007,female,82.55
PRT,2007,male,75.94
PRT,2008,female,82.77
PRT,2008,male,76.29
PRT,2009,female,82.94
PRT,2009,male,76.58
PRT,2010,female,83.22
PRT,2010,male,76.85
PRT,2011,female,83.68
PRT,2011,male,77.31
PRT,2012,female,83.56
PRT,2012,male,77.38
PRT,2013,female,83.98
PRT,2013,male,77.66
PRT,2014,female,84.35
PRT,2014,male,78.1
PRT,2015,female,84.26
PRT,2015,male,78.22
PRT,2016,female,84.32
PRT,2016,male,78.25
PRT,2017,female,84.54
PRT,2017,male,78.6
PRT,2018,female,84.49
PRT,2018,male,78.53
PRT,2019,female,84.76
PRT,2019,male,78.98
PRT,2020,female,84.21
PRT,2020,male,78.39
PRT,2021,female,84.27
PRT,2021,male,78.42
PRT,2022,female,84.42
PRT,2022,male,78.81
PRT,2023,female,85.02
PRT,2023,male,79.35
PRT,2024,female,85.21
PRT,2024,male,79.72
RUS,1959,female,71.16
RUS,1959,male,62.85
RUS,1960,female,72.31
RUS,1960,male,63.67
RUS,1961,female,72.62
RUS,1961,male,63.9
RUS,1962,female,72.27
RUS,1962,male,63.68
RUS,1963,female,72.78
RUS,1963,male,64.13
RUS,1964,female,73.58
RUS,1964,male,64.89
RUS,1965,female,73.31
RUS,1965,male,64.36
RUS,1966,female,73.55
RUS,1966,male,64.28
RUS,1967,female,73.43
RUS,1967,male,64.02
RUS,1968,female,73.55
RUS,1968,male,63.72
RUS,1969,female,73.29
RUS,1969,male,63.07
RUS,1970,female,73.44
RUS,1970,male,63.07
RUS,1971,female,73.77
RUS,1971,male,63.24
RUS,1972,female,73.62
RUS,1972,male,63.24
RUS,1973,female,73.56
RUS,1973,male,63.28
RUS,1974,female,73.77
RUS,1974,male,63.13
RUS,1975,female,73.22
RUS,1975,male,62.48
RUS,1976,female,73.05
RUS,1976,male,62.19
RUS,1977,female,73.19
RUS,1977,male,61.82
RUS,1978,female,73.23
RUS,1978,male,61.83
RUS,1979,female,73.02
RUS,1979,male,61.49
RUS,1980,female,72.96
RUS,1980,male,61.39
RUS,1981,female,73.18
RUS,1981,male,61.62
RUS,1982,female,73.63
RUS,1982,male,62.24
RUS,1983,female,73.42
RUS,1983,male,62.16
RUS,1984,female,72.96
RUS,1984,male,61.71
RUS,1985,female,73.24
RUS,1985,male,62.73
RUS,1986,female,74.2
RUS,1986,male,64.76
RUS,1987,female,74.27
RUS,1987,male,64.84
RUS,1988,female,74.25
RUS,1988,male,64.62
RUS,1989,female,74.49
RUS,1989,male,64.2
RUS,1990,female,74.31
RUS,1990,male,63.76
RUS,1991,female,74.23
RUS,1991,male,63.41
RUS,1992,female,73.7
RUS,1992,male,61.96
RUS,1993,female,71.84
RUS,1993,male,58.79
RUS,1994,female,71.06
RUS,1994,male,57.38
RUS,1995,female,71.6
RUS,1995,male,58.12
RUS,1996,female,72.4
RUS,1996,male,59.6
RUS,1997,female,72.84
RUS,1997,male,60.84
RUS,1998,female,73.12
RUS,1998,male,61.19
RUS,1999,female,72.42
RUS,1999,male,59.87
RUS,2000,female,72.23
RUS,2000,male,58.98
RUS,2001,female,72.16
RUS,2001,male,58.89
RUS,2002,female,71.88
RUS,2002,male,58.64
RUS,2003,female,71.87
RUS,2003,male,58.54
RUS,2004,female,72.33
RUS,2004,male,58.89
RUS,2005,female,72.45
RUS,2005,male,58.91
RUS,2006,female,73.29
RUS,2006,male,60.4
RUS,2007,female,73.96
RUS,2007,male,61.42
RUS,2008,female,74.25
RUS,2008,male,61.89
RUS,2009,female,74.78
RUS,2009,male,62.85
RUS,2010,female,74.87
RUS,2010,male,63.06
RUS,2011,female,75.6
RUS,2011,male,64.01
RUS,2012,female,75.84
RUS,2012,male,64.53
RUS,2013,female,76.29
RUS,2013,male,65.1
RUS,2014,female,76.48
RUS,2014,male,65.26
SVK,1950,female,62.47
SVK,1950,male,59.02
SVK,1951,female,63.22
SVK,1951,male,59.04
SVK,1952,female,66.24
SVK,1952,male,62.31
SVK,1953,female,67.49
SVK,1953,male,63.74
SVK,1954,female,68.37
SVK,1954,male,64.94
SVK,1955,female,69.81
SVK,1955,male,65.82
SVK,1956,female,70.41
SVK,1956,male,66.28
SVK,1957,female,69.5
SVK,1957,male,65.38
SVK,1958,female,71.51
SVK,1958,male,67.16
SVK,1959,female,71.28
SVK,1959,male,66.72
SVK,1960,female,72.53
SVK,1960,male,68.12
SVK,1961,female,73.02
SVK,1961,male,68.54
SVK,1962,female,72.66
SVK,1962,male,68
SVK,1963,female,73.2
SVK,1963,male,68.19
SVK,1964,female,73.48
SVK,1964,male,68.68
SVK,1965,female,72.79
SVK,1965,male,67.81
SVK,1966,female,73.17
SVK,1966,male,67.72
SVK,1967,female,73.76
SVK,1967,male,68.23
SVK,1968,female,73.45
SVK,1968,male,67.57
SVK,1969,female,73.06
SVK,1969,male,66.69
SVK,1970,female,72.92
SVK,1970,male,66.66
SVK,1971,female,73.26
SVK,1971,male,66.62
SVK,1972,female,73.84
SVK,1972,male,66.93
SVK,1973,female,73.41
SVK,1973,male,66.8
SVK,1974,female,73.7
SVK,1974,male,66.82
SVK,1975,female,73.93
SVK,1975,male,66.85
SVK,1976,female,74.09
SVK,1976,male,67.01
SVK,1977,female,74.28
SVK,1977,male,66.75
SVK,1978,female,74.13
SVK,1978,male,66.9
SVK,1979,female,74.56
SVK,1979,male,67.11
SVK,1980,female,74.27
SVK,1980,male,66.71
SVK,1981,female,74.7
SVK,1981,male,66.78
SVK,1982,female,74.76
SVK,1982,male,66.98
SVK,1983,female,74.53
SVK,1983,male,66.65
SVK,1984,female,74.89
SVK,1984,male,66.77
SVK,1985,female,74.75
SVK,1985,male,66.88
SVK,1986,female,74.92
SVK,1986,male,67.04
SVK,1987,female,75.1
SVK,1987,male,67.2
SVK,1988,female,75.43
SVK,1988,male,67.04
SVK,1989,female,75.29
SVK,1989,male,66.81
SVK,1990,female,75.38
SVK,1990,male,66.52
SVK,1991,female,75.26
SVK,1991,male,66.78
SVK,1992,female,75.86
SVK,1992,male,67.06
SVK,1993,female,76.14
SVK,1993,male,67.74
SVK,1994,female,76.47
SVK,1994,male,68.25
SVK,1995,female,76.29
SVK,1995,male,68.26
SVK,1996,female,76.79
SVK,1996,male,68.71
SVK,1997,female,76.67
SVK,1997,male,68.72
SVK,1998,female,76.74
SVK,1998,male,68.46
SVK,1999,female,77.1
SVK,1999,male,68.85
SVK,2000,female,77.3
SVK,2000,male,69
SVK,2001,female,77.66
SVK,2001,male,69.47
SVK,2002,female,77.68
SVK,2002,male,69.78
SVK,2003,female,77.78
SVK,2003,male,69.8
SVK,2004,female,78.01
SVK,2004,male,70.31
SVK,2005,female,78.06
SVK,2005,male,70.16
SVK,2006,female,78.35
SVK,2006,male,70.38
SVK,2007,female,78.31
SVK,2007,male,70.55
SVK,2008,female,78.81
SVK,2008,male,70.78
SVK,2009,female,78.9
SVK,2009,male,71.33
SVK,2010,female,79.1
SVK,2010,male,71.67
SVK,2011,female,79.59
SVK,2011,male,72.18
SVK,2012,female,79.68
SVK,2012,male,72.4
SVK,2013,female,79.89
SVK,2013,male,72.81
SVK,2014,female,80.22
SVK,2014,male,73.15
SVK,2015,female,80.01
SVK,2015,male,72.99
SVK,2016,female,80.43
SVK,2016,male,73.64
SVK,2017,female,80.46
SVK,2017,male,73.65
SVK,2018,female,80.47
SVK,2018,male,73.71
SVK,2019,female,80.85
SVK,2019,male,74.12
SVK,2020,female,80.21
SVK,2020,male,73.42
SVK,2021,female,78.16
SVK,2021,male,71.16
SVK,2022,female,80.42
SVK,2022,male,73.47
SVK,2023,female,81.3
SVK,2023,male,74.67
SVK,2024,female,81.64
SVK,2024,male,75.02
SVN,1983,female,74.88
SVN,1983,male,66.78
SVN,1984,female,75.28
SVN,1984,male,67.23
SVN,1985,female,75.81
SVN,1985,male,67.56
SVN,1986,female,76.13
SVN,1986,male,68.26
SVN,1987,female,76.22
SVN,1987,male,68.07
SVN,1988,female,76.79
SVN,1988,male,68.81
SVN,1989,female,77.24
SVN,1989,male,69.24
SVN,1990,female,77.69
SVN,1990,male,69.76
SVN,1991,female,77.38
SVN,1991,male,69.43
SVN,1992,female,77.47
SVN,1992,male,69.56
SVN,1993,female,77.55
SVN,1993,male,69.33
SVN,1994,female,77.7
SVN,1994,male,70.01
SVN,1995,female,78.32
SVN,1995,male,70.72
SVN,1996,female,78.85
SVN,1996,male,71.07
SVN,1997,female,78.99
SVN,1997,male,71.07
SVN,1998,female,79.05
SVN,1998,male,71.22
SVN,1999,female,79.26
SVN,1999,male,71.73
SVN,2000,female,79.74
SVN,2000,male,72.17
SVN,2001,female,80.25
SVN,2001,male,72.24
SVN,2002,female,80.44
SVN,2002,male,72.56
SVN,2003,female,80.3
SVN,2003,male,72.51
SVN,2004,female,80.7
SVN,2004,male,73.47
SVN,2005,female,80.86
SVN,2005,male,73.96
SVN,2006,female,81.76
SVN,2006,male,74.37
SVN,2007,female,81.75
SVN,2007,male,74.61
SVN,2008,female,82.21
SVN,2008,male,75.42
SVN,2009,female,82.26
SVN,2009,male,75.75
SVN,2010,female,82.6
SVN,2010,male,76.27
SVN,2011,female,82.83
SVN,2011,male,76.63
SVN,2012,female,82.87
SVN,2012,male,76.96
SVN,2013,female,83.15
SVN,2013,male,77
SVN,2014,female,83.64
SVN,2014,male,77.94
SVN,2015,female,83.49
SVN,2015,male,77.59
SVN,2016,female,83.85
SVN,2016,male,77.94
SVN,2017,female,83.68
SVN,2017,male,78.08
SVN,2018,female,83.96
SVN,2018,male,78.31
SVN,2019,female,84.18
SVN,2019,male,78.5
SWE,1751,female,39.93
SWE,1751,male,36.87
SWE,1752,female,36.82
SWE,1752,male,33.95
SWE,1753,female,41.32
SWE,1753,male,38.1
SWE,1754,female,39.07
SWE,1754,male,35.87
SWE,1755,female,37.68
SWE,1755,male,35.42
SWE,1756,female,37.88
SWE,1756,male,34.57
SWE,1757,female,35.07
SWE,1757,male,32.52
SWE,1758,female,34.45
SWE,1758,male,31.39
SWE,1759,female,39.95
SWE,1759,male,36.44
SWE,1760,female,41.23
SWE,1760,male,38.13
SWE,1761,female,39.19
SWE,1761,male,36.41
SWE,1762,female,33.66
SWE,1762,male,31.27
SWE,1763,female,31.83
SWE,1763,male,29.07
SWE,1764,female,37.99
SWE,1764,male,34.62
SWE,1765,female,37.87
SWE,1765,male,34.13
SWE,1766,female,39.75
SWE,1766,male,36.46
SWE,1767,female,40.16
SWE,1767,male,36.32
SWE,1768,female,36.28
SWE,1768,male,33.78
SWE,1769,female,35.63
SWE,1769,male,33.74
SWE,1770,female,37.82
SWE,1770,male,35.47
SWE,1771,female,36.89
SWE,1771,male,33.95
SWE,1772,female,29.65
SWE,1772,male,25.91
SWE,1773,female,18.83
SWE,1773,male,17.18
SWE,1774,female,41.4
SWE,1774,male,39.77
SWE,1775,female,39.26
SWE,1775,male,37.05
SWE,1776,female,42.81
SWE,1776,male,40.21
SWE,1777,female,39.24
SWE,1777,male,37.01
SWE,1778,female,36.81
SWE,1778,male,34.3
SWE,1779,female,33.44
SWE,1779,male,32.19
SWE,1780,female,44.06
SWE,1780,male,41.28
SWE,1781,female,39.19
SWE,1781,male,36.43
SWE,1782,female,38.27
SWE,1782,male,35.06
SWE,1783,female,35.56
SWE,1783,male,31.93
SWE,1784,female,32.7
SWE,1784,male,30.17
SWE,1785,female,34.64
SWE,1785,male,32.31
SWE,1786,female,39.4
SWE,1786,male,36.4
SWE,1787,female,41.83
SWE,1787,male,38.72
SWE,1788,female,38.24
SWE,1788,male,35.41
SWE,1789,female,34.75
SWE,1789,male,28.1
SWE,1790,female,35.42
SWE,1790,male,31.82
SWE,1791,female,39.61
SWE,1791,male,37.3
SWE,1792,female,41.33
SWE,1792,male,38.38
SWE,1793,female,40.85
SWE,1793,male,38.45
SWE,1794,female,41.85
SWE,1794,male,38.98
SWE,1795,female,37.8
SWE,1795,male,35.31
SWE,1796,female,40.29
SWE,1796,male,37.47
SWE,1797,female,41.94
SWE,1797,male,38.81
SWE,1798,female,42.96
SWE,1798,male,39.73
SWE,1799,female,41.05
SWE,1799,male,37.65
SWE,1800,female,33.21
SWE,1800,male,31.17
SWE,1801,female,38.09
SWE,1801,male,35.72
SWE,1802,female,41.86
SWE,1802,male,38.54
SWE,1803,female,41.88
SWE,1803,male,38.63
SWE,1804,female,41.46
SWE,1804,male,37.97
SWE,1805,female,42.43
SWE,1805,male,39.67
SWE,1806,female,37.3
SWE,1806,male,35.1
SWE,1807,female,39.95
SWE,1807,male,37.58
SWE,1808,female,32.28
SWE,1808,male,28.18
SWE,1809,female,28.96
SWE,1809,male,24.97
SWE,1810,female,33.67
SWE,1810,male,30.35
SWE,1811,female,36.27
SWE,1811,male,32.93
SWE,1812,female,36.89
SWE,1812,male,33.35
SWE,1813,female,38.61
SWE,1813,male,34.43
SWE,1814,female,40.15
SWE,1814,male,37.03
SWE,1815,female,41.9
SWE,1815,male,38.99
SWE,1816,female,43.67
SWE,1816,male,39.91
SWE,1817,female,41.81
SWE,1817,male,38.81
SWE,1818,female,41.99
SWE,1818,male,38.07
SWE,1819,female,38.65
SWE,1819,male,35.31
SWE,1820,female,41.88
SWE,1820,male,38.61
SWE,1821,female,39.57
SWE,1821,male,36.73
SWE,1822,female,44.84
SWE,1822,male,40.71
SWE,1823,female,47.39
SWE,1823,male,43.01
SWE,1824,female,47.27
SWE,1824,male,42.69
SWE,1825,female,47.61
SWE,1825,male,42.92
SWE,1826,female,45.42
SWE,1826,male,40.82
SWE,1827,female,44.61
SWE,1827,male,40.72
SWE,1828,female,40.29
SWE,1828,male,35.34
SWE,1829,female,38.62
SWE,1829,male,33.92
SWE,1830,female,43.45
SWE,1830,male,38.59
SWE,1831,female,41.17
SWE,1831,male,36.87
SWE,1832,female,42.59
SWE,1832,male,39.12
SWE,1833,female,44.7
SWE,1833,male,40.36
SWE,1834,female,40.89
SWE,1834,male,36.3
SWE,1835,female,49.35
SWE,1835,male,44.94
SWE,1836,female,47.25
SWE,1836,male,43.05
SWE,1837,female,41.81
SWE,1837,male,37.46
SWE,1838,female,42.23
SWE,1838,male,37.84
SWE,1839,female,41.77
SWE,1839,male,37.99
SWE,1840,female,46.14
SWE,1840,male,41.84
SWE,1841,female,47.24
SWE,1841,male,43.05
SWE,1842,female,45.04
SWE,1842,male,40.59
SWE,1843,female,44.86
SWE,1843,male,40.81
SWE,1844,female,46.91
SWE,1844,male,41.22
SWE,1845,female,48.5
SWE,1845,male,43.51
SWE,1846,female,43.94
SWE,1846,male,40.16
SWE,1847,female,41.95
SWE,1847,male,38.34
SWE,1848,female,47.29
SWE,1848,male,42.99
SWE,1849,female,46.84
SWE,1849,male,42.2
SWE,1850,female,47.29
SWE,1850,male,42.17
SWE,1851,female,46.1
SWE,1851,male,41.21
SWE,1852,female,43.74
SWE,1852,male,39.04
SWE,1853,female,41.96
SWE,1853,male,38.07
SWE,1854,female,46.51
SWE,1854,male,42.55
SWE,1855,female,44.81
SWE,1855,male,41.33
SWE,1856,female,44.03
SWE,1856,male,40.24
SWE,1857,female,36.6
SWE,1857,male,32.73
SWE,1858,female,43.61
SWE,1858,male,40.38
SWE,1859,female,46.19
SWE,1859,male,42.35
SWE,1860,female,50.29
SWE,1860,male,46.61
SWE,1861,female,49.01
SWE,1861,male,45.35
SWE,1862,female,44.19
SWE,1862,male,41.19
SWE,1863,female,47.11
SWE,1863,male,43.87
SWE,1864,female,46.51
SWE,1864,male,43.12
SWE,1865,female,47.48
SWE,1865,male,43.45
SWE,1866,female,46.9
SWE,1866,male,42.81
SWE,1867,female,48.28
SWE,1867,male,44.29
SWE,1868,female,45.2
SWE,1868,male,41.48
SWE,1869,female,42.72
SWE,1869,male,39.32
SWE,1870,female,46.84
SWE,1870,male,43.22
SWE,1871,female,50.67
SWE,1871,male,47.15
SWE,1872,female,51.88
SWE,1872,male,48
SWE,1873,female,50.29
SWE,1873,male,46.82
SWE,1874,female,46.06
SWE,1874,male,42.26
SWE,1875,female,46.38
SWE,1875,male,42.59
SWE,1876,female,46.31
SWE,1876,male,43.21
SWE,1877,female,47.84
SWE,1877,male,44.29
SWE,1878,female,48.08
SWE,1878,male,45.5
SWE,1879,female,50.37
SWE,1879,male,47.63
SWE,1880,female,49.15
SWE,1880,male,46.18
SWE,1881,female,49.93
SWE,1881,male,46.89
SWE,1882,female,50.03
SWE,1882,male,46.78
SWE,1883,female,50.4
SWE,1883,male,47.23
SWE,1884,female,50.59
SWE,1884,male,47.39
SWE,1885,female,50.38
SWE,1885,male,47.26
SWE,1886,female,51.89
SWE,1886,male,49.13
SWE,1887,female,52.84
SWE,1887,male,49.92
SWE,1888,female,53.5
SWE,1888,male,50.97
SWE,1889,female,53.37
SWE,1889,male,51.05
SWE,1890,female,51.77
SWE,1890,male,49.08
SWE,1891,female,52.5
SWE,1891,male,49.53
SWE,1892,female,51.75
SWE,1892,male,49.18
SWE,1893,female,52.5
SWE,1893,male,49.79
SWE,1894,female,53.05
SWE,1894,male,50.71
SWE,1895,female,55.29
SWE,1895,male,52.7
SWE,1896,female,54.6
SWE,1896,male,52.05
SWE,1897,female,55.26
SWE,1897,male,52.71
SWE,1898,female,56.03
SWE,1898,male,53.12
SWE,1899,female,52.3
SWE,1899,male,49.5
SWE,1900,female,53.63
SWE,1900,male,50.8
SWE,1901,female,54.09
SWE,1901,male,51.65
SWE,1902,female,55.87
SWE,1902,male,53.5
SWE,1903,female,56.39
SWE,1903,male,53.55
SWE,1904,female,56.43
SWE,1904,male,54.08
SWE,1905,female,55.67
SWE,1905,male,53.15
SWE,1906,female,57.69
SWE,1906,male,55.39
SWE,1907,female,58.05
SWE,1907,male,55.65
SWE,1908,female,57.46
SWE,1908,male,55.18
SWE,1909,female,59.48
SWE,1909,male,57.17
SWE,1910,female,59.03
SWE,1910,male,56.43
SWE,1911,female,59.43
SWE,1911,male,56.53
SWE,1912,female,59.09
SWE,1912,male,56.35
SWE,1913,female,59.97
SWE,1913,male,57.17
SWE,1914,female,59.4
SWE,1914,male,56.86
SWE,1915,female,58.36
SWE,1915,male,55.83
SWE,1916,female,59.28
SWE,1916,male,56.92
SWE,1917,female,60.06
SWE,1917,male,57.53
SWE,1918,female,51.36
SWE,1918,male,48.1
SWE,1919,female,57.89
SWE,1919,male,54.97
SWE,1920,female,60.24
SWE,1920,male,57.58
SWE,1921,female,62.27
SWE,1921,male,59.69
SWE,1922,female,61.91
SWE,1922,male,60.22
SWE,1923,female,64.05
SWE,1923,male,61.76
SWE,1924,female,63.08
SWE,1924,male,60.79
SWE,1925,female,63.68
SWE,1925,male,61.33
SWE,1926,female,63.77
SWE,1926,male,61.69
SWE,1927,female,62.64
SWE,1927,male,60.47
SWE,1928,female,63.2
SWE,1928,male,61.19
SWE,1929,female,63.41
SWE,1929,male,61.17
SWE,1930,female,64.19
SWE,1930,male,62.13
SWE,1931,female,63.63
SWE,1931,male,61.79
SWE,1932,female,64.9
SWE,1932,male,62.95
SWE,1933,female,65.96
SWE,1933,male,63.65
SWE,1934,female,66.07
SWE,1934,male,63.84
SWE,1935,female,66.05
SWE,1935,male,63.68
SWE,1936,female,65.77
SWE,1936,male,63.44
SWE,1937,female,65.82
SWE,1937,male,63.42
SWE,1938,female,67.09
SWE,1938,male,64.02
SWE,1939,female,67.71
SWE,1939,male,65.07
SWE,1940,female,68.13
SWE,1940,male,65.38
SWE,1941,female,68.26
SWE,1941,male,65.7
SWE,1942,female,70.36
SWE,1942,male,67.57
SWE,1943,female,70.08
SWE,1943,male,67.34
SWE,1944,female,69.28
SWE,1944,male,66.2
SWE,1945,female,69.52
SWE,1945,male,67.16
SWE,1946,female,70.67
SWE,1946,male,68.36
SWE,1947,female,70.63
SWE,1947,male,68.33
SWE,1948,female,72.13
SWE,1948,male,69.35
SWE,1949,female,72.16
SWE,1949,male,69.48
SWE,1950,female,72.44
SWE,1950,male,69.85
SWE,1951,female,72.7
SWE,1951,male,70.04
SWE,1952,female,73.29
SWE,1952,male,70.42
SWE,1953,female,73.4
SWE,1953,male,70.43
SWE,1954,female,73.87
SWE,1954,male,70.86
SWE,1955,female,74.15
SWE,1955,male,71.05
SWE,1956,female,74.4
SWE,1956,male,70.96
SWE,1957,female,74.27
SWE,1957,male,70.75
SWE,1958,female,74.8
SWE,1958,male,71.53
SWE,1959,female,75.2
SWE,1959,male,71.58
SWE,1960,female,74.88
SWE,1960,male,71.24
SWE,1961,female,75.38
SWE,1961,male,71.64
SWE,1962,female,75.42
SWE,1962,male,71.36
SWE,1963,female,75.61
SWE,1963,male,71.53
SWE,1964,female,75.87
SWE,1964,male,71.62
SWE,1965,female,76.08
SWE,1965,male,71.74
SWE,1966,female,76.46
SWE,1966,male,71.84
SWE,1967,female,76.55
SWE,1967,male,71.85
SWE,1968,female,76.39
SWE,1968,male,71.71
SWE,1969,female,76.63
SWE,1969,male,71.71
SWE,1970,female,77.21
SWE,1970,male,72.23
SWE,1971,female,77.39
SWE,1971,male,71.97
SWE,1972,female,77.53
SWE,1972,male,72.03
SWE,1973,female,77.72
SWE,1973,male,72.16
SWE,1974,female,77.9
SWE,1974,male,72.2
SWE,1975,female,77.95
SWE,1975,male,72.17
SWE,1976,female,77.96
SWE,1976,male,72.16
SWE,1977,female,78.57
SWE,1977,male,72.41
SWE,1978,female,78.69
SWE,1978,male,72.46
SWE,1979,female,78.72
SWE,1979,male,72.5
SWE,1980,female,78.85
SWE,1980,male,72.78
SWE,1981,female,79.14
SWE,1981,male,73.08
SWE,1982,female,79.39
SWE,1982,male,73.43
SWE,1983,female,79.64
SWE,1983,male,73.63
SWE,1984,female,79.93
SWE,1984,male,73.85
SWE,1985,female,79.69
SWE,1985,male,73.78
SWE,1986,female,80.02
SWE,1986,male,73.98
SWE,1987,female,80.14
SWE,1987,male,74.16
SWE,1988,female,79.93
SWE,1988,male,74.13
SWE,1989,female,80.56
SWE,1989,male,74.78
SWE,1990,female,80.4
SWE,1990,male,74.81
SWE,1991,female,80.54
SWE,1991,male,74.95
SWE,1992,female,80.78
SWE,1992,male,75.36
SWE,1993,female,80.78
SWE,1993,male,75.49
SWE,1994,female,81.38
SWE,1994,male,76.08
SWE,1995,female,81.44
SWE,1995,male,76.18
SWE,1996,female,81.52
SWE,1996,male,76.52
SWE,1997,female,81.8
SWE,1997,male,76.7
SWE,1998,female,81.91
SWE,1998,male,76.87
SWE,1999,female,81.89
SWE,1999,male,77.07
SWE,2000,female,82.02
SWE,2000,male,77.38
SWE,2001,female,82.05
SWE,2001,male,77.54
SWE,2002,female,82.08
SWE,2002,male,77.71
SWE,2003,female,82.41
SWE,2003,male,77.91
SWE,2004,female,82.66
SWE,2004,male,78.35
SWE,2005,female,82.75
SWE,2005,male,78.42
SWE,2006,female,82.9
SWE,2006,male,78.69
SWE,2007,female,82.94
SWE,2007,male,78.93
SWE,2008,female,83.11
SWE,2008,male,79.09
SWE,2009,female,83.32
SWE,2009,male,79.34
SWE,2010,female,83.47
SWE,2010,male,79.52
SWE,2011,female,83.66
SWE,2011,male,79.8
SWE,2012,female,83.53
SWE,2012,male,79.87
SWE,2013,female,83.71
SWE,2013,male,80.1
SWE,2014,female,84.05
SWE,2014,male,80.35
SWE,2015,female,84.02
SWE,2015,male,80.32
SWE,2016,female,84.08
SWE,2016,male,80.57
SWE,2017,female,84.11
SWE,2017,male,80.73
SWE,2018,female,84.25
SWE,2018,male,80.79
SWE,2019,female,84.73
SWE,2019,male,81.35
SWE,2020,female,84.29
SWE,2020,male,80.6
SWE,2021,female,84.82
SWE,2021,male,81.22
SWE,2022,female,84.75
SWE,2022,male,81.36
SWE,2023,female,84.91
SWE,2023,male,81.59
SWE,2024,female,85.35
SWE,2024,male,82.29
TWN,1970,female,71.43
TWN,1970,male,66.32
TWN,1971,female,71.85
TWN,1971,male,66.88
TWN,1972,female,72.26
TWN,1972,male,67.4
TWN,1973,female,72.47
TWN,1973,male,67.55
TWN,1974,female,72.86
TWN,1974,male,68.02
TWN,1975,female,73.25
TWN,1975,male,68.42
TWN,1976,female,73.59
TWN,1976,male,68.85
TWN,1977,female,73.74
TWN,1977,male,68.83
TWN,1978,female,74.24
TWN,1978,male,69.31
TWN,1979,female,74.41
TWN,1979,male,69.29
TWN,1980,female,74.48
TWN,1980,male,69.53
TWN,1981,female,74.52
TWN,1981,male,69.63
TWN,1982,female,75.01
TWN,1982,male,70.14
TWN,1983,female,74.99
TWN,1983,male,70.09
TWN,1984,female,75.67
TWN,1984,male,70.71
TWN,1985,female,75.78
TWN,1985,male,70.93
TWN,1986,female,75.94
TWN,1986,male,71.01
TWN,1987,female,76.29
TWN,1987,male,71.19
TWN,1988,female,76.09
TWN,1988,male,70.95
TWN,1989,female,76.42
TWN,1989,male,71.16
TWN,1990,female,76.69
TWN,1990,male,71.4
TWN,1991,female,77.13
TWN,1991,male,71.87
TWN,1992,female,77.13
TWN,1992,male,71.84
TWN,1993,female,77.55
TWN,1993,male,72.09
TWN,1994,female,77.86
TWN,1994,male,72.1
TWN,1995,female,77.64
TWN,1995,male,71.91
TWN,1996,female,77.82
TWN,1996,male,72.08
TWN,1997,female,78.35
TWN,1997,male,72.6
TWN,1998,female,78.6
TWN,1998,male,72.75
TWN,1999,female,78.61
TWN,1999,male,72.92
TWN,2000,female,79.24
TWN,2000,male,73.43
TWN,2001,female,79.59
TWN,2001,male,73.7
TWN,2002,female,79.89
TWN,2002,male,74.2
TWN,2003,female,80.04
TWN,2003,male,74.42
TWN,2004,female,80.35
TWN,2004,male,74.33
TWN,2005,female,80.51
TWN,2005,male,74.21
TWN,2006,female,81.28
TWN,2006,male,74.83
TWN,2007,female,81.31
TWN,2007,male,75.14
TWN,2008,female,81.56
TWN,2008,male,75.31
TWN,2009,female,81.93
TWN,2009,male,75.81
TWN,2010,female,82.3
TWN,2010,male,76.12
TWN,2011,female,82.25
TWN,2011,male,75.81
TWN,2012,female,82.42
TWN,2012,male,76.23
TWN,2013,female,82.87
TWN,2013,male,76.66
TWN,2014,female,82.78
TWN,2014,male,76.5
TWN,2015,female,83.14
TWN,2015,male,76.78
TWN,2016,female,82.99
TWN,2016,male,76.57
TWN,2017,female,83.28
TWN,2017,male,77.08
TWN,2018,female,83.57
TWN,2018,male,77.34
TWN,2019,female,83.77
TWN,2019,male,77.5
TWN,2020,female,84.24
TWN,2020,male,78.02
TWN,2021,female,83.88
TWN,2021,male,77.6
TWN,2022,female,83.13
TWN,2022,male,76.66
TWN,2023,female,83.46
TWN,2023,male,76.92
TWN,2024,female,83.9
TWN,2024,male,77.35
UKR,1959,female,72.2
UKR,1959,male,65.78
UKR,1960,female,73.8
UKR,1960,male,67.39
UKR,1961,female,74.15
UKR,1961,male,67.63
UKR,1962,female,73.52
UKR,1962,male,67.11
UKR,1963,female,74.24
UKR,1963,male,67.65
UKR,1964,female,75.03
UKR,1964,male,68.45
UKR,1965,female,74.6
UKR,1965,male,67.82
UKR,1966,female,74.99
UKR,1966,male,67.94
UKR,1967,female,74.64
UKR,1967,male,67.52
UKR,1968,female,74.94
UKR,1968,male,67.42
UKR,1969,female,74.53
UKR,1969,male,66.63
UKR,1970,female,74.44
UKR,1970,male,66.51
UKR,1971,female,74.76
UKR,1971,male,66.67
UKR,1972,female,74.45
UKR,1972,male,66.53
UKR,1973,female,74.66
UKR,1973,male,66.64
UKR,1974,female,74.7
UKR,1974,male,66.41
UKR,1975,female,74.25
UKR,1975,male,65.58
UKR,1976,female,74.22
UKR,1976,male,65.69
UKR,1977,female,74.21
UKR,1977,male,65.14
UKR,1978,female,74.19
UKR,1978,male,65.01
UKR,1979,female,74.03
UKR,1979,male,64.7
UKR,1980,female,74.06
UKR,1980,male,64.62
UKR,1981,female,74.18
UKR,1981,male,64.64
UKR,1982,female,74.42
UKR,1982,male,64.8
UKR,1983,female,74.39
UKR,1983,male,64.88
UKR,1984,female,74.1
UKR,1984,male,64.61
UKR,1985,female,74.03
UKR,1985,male,65.25
UKR,1986,female,75.01
UKR,1986,male,66.89
UKR,1987,female,74.91
UKR,1987,male,66.63
UKR,1988,female,74.78
UKR,1988,male,66.58
UKR,1989,female,75.19
UKR,1989,male,66.13
UKR,1990,female,74.9
UKR,1990,male,65.6
UKR,1991,female,74.32
UKR,1991,male,64.62
UKR,1992,female,74.03
UKR,1992,male,63.81
UKR,1993,female,73.35
UKR,1993,male,63.17
UKR,1994,female,72.95
UKR,1994,male,62.38
UKR,1995,female,72.5
UKR,1995,male,61.2
UKR,1996,female,72.77
UKR,1996,male,61.51
UKR,1997,female,73.17
UKR,1997,male,62.22
UKR,1998,female,73.83
UKR,1998,male,63.16
UKR,1999,female,73.61
UKR,1999,male,62.61
UKR,2000,female,73.52
UKR,2000,male,62.08
UKR,2001,female,73.64
UKR,2001,male,62.24
UKR,2002,female,73.63
UKR,2002,male,62.06
UKR,2003,female,73.53
UKR,2003,male,62.23
UKR,2004,female,73.62
UKR,2004,male,61.98
UKR,2005,female,73.37
UKR,2005,male,61.49
UKR,2006,female,73.79
UKR,2006,male,62.27
UKR,2007,female,73.69
UKR,2007,male,61.76
UKR,2008,female,73.9
UKR,2008,male,62.24
UKR,2009,female,74.85
UKR,2009,male,64.35
UKR,2010,female,75.19
UKR,2010,male,65.2
UKR,2011,female,75.85
UKR,2011,male,65.94
UKR,2012,female,75.99
UKR,2012,male,66.07
UKR,2013,female,76.2
UKR,2013,male,66.31
GBR_NP,1922,female,58.85
GBR_NP,1922,male,55.18
GBR_NP,1923,female,61.18
GBR_NP,1923,male,57.37
GBR_NP,1924,female,59.98
GBR_NP,1924,male,56.15
GBR_NP,1925,female,60.34
GBR_NP,1925,male,56.49
GBR_NP,1926,female,61.5
GBR_NP,1926,male,57.59
GBR_NP,1927,female,60.92
GBR_NP,1927,male,56.95
GBR_NP,1928,female,61.91
GBR_NP,1928,male,57.87
GBR_NP,1929,female,59.6
GBR_NP,1929,male,55.64
GBR_NP,1930,female,62.86
GBR_NP,1930,male,58.66
GBR_NP,1931,female,62
GBR_NP,1931,male,57.97
GBR_NP,1932,female,62.42
GBR_NP,1932,male,58.58
GBR_NP,1933,female,62.49
GBR_NP,1933,male,58.63
GBR_NP,1934,female,63.25
GBR_NP,1934,male,59.32
GBR_NP,1935,female,63.94
GBR_NP,1935,male,59.94
GBR_NP,1936,female,63.84
GBR_NP,1936,male,59.63
GBR_NP,1937,female,63.87
GBR_NP,1937,male,59.69
GBR_NP,1938,female,65.39
GBR_NP,1938,male,61.04
GBR_NP,1939,female,65.8
GBR_NP,1939,male,61.38
GBR_NP,1940,female,63.51
GBR_NP,1940,male,58.17
GBR_NP,1941,female,64.11
GBR_NP,1941,male,58.05
GBR_NP,1942,female,66.74
GBR_NP,1942,male,60.64
GBR_NP,1943,female,66.67
GBR_NP,1943,male,60.77
GBR_NP,1944,female,67.57
GBR_NP,1944,male,61.37
GBR_NP,1945,female,68.32
GBR_NP,1945,male,62.79
GBR_NP,1946,female,68.63
GBR_NP,1946,male,63.71
GBR_NP,1947,female,68.79
GBR_NP,1947,male,64.02
GBR_NP,1948,female,70.62
GBR_NP,1948,male,66.01
GBR_NP,1949,female,70.3
GBR_NP,1949,male,65.82
GBR_NP,1950,female,70.92
GBR_NP,1950,male,66.24
GBR_NP,1951,female,70.68
GBR_NP,1951,male,65.71
GBR_NP,1952,female,72.11
GBR_NP,1952,male,66.83
GBR_NP,1953,female,72.36
GBR_NP,1953,male,67.12
GBR_NP,1954,female,72.81
GBR_NP,1954,male,67.41
GBR_NP,1955,female,72.77
GBR_NP,1955,male,67.37
GBR_NP,1956,female,73.1
GBR_NP,1956,male,67.59
GBR_NP,1957,female,73.32
GBR_NP,1957,male,67.61
GBR_NP,1958,female,73.49
GBR_NP,1958,male,67.79
GBR_NP,1959,female,73.6
GBR_NP,1959,male,67.92
GBR_NP,1960,female,73.88
GBR_NP,1960,male,68.04
GBR_NP,1961,female,73.65
GBR_NP,1961,male,67.81
GBR_NP,1962,female,73.79
GBR_NP,1962,male,67.83
GBR_NP,1963,female,73.72
GBR_NP,1963,male,67.71
GBR_NP,1964,female,74.56
GBR_NP,1964,male,68.41
GBR_NP,1965,female,74.58
GBR_NP,1965,male,68.36
GBR_NP,1966,female,74.5
GBR_NP,1966,male,68.28
GBR_NP,1967,female,75.09
GBR_NP,1967,male,68.94
GBR_NP,1968,female,74.72
GBR_NP,1968,male,68.56
GBR_NP,1969,female,74.78
GBR_NP,1969,male,68.47
GBR_NP,1970,female,74.99
GBR_NP,1970,male,68.69
GBR_NP,1971,female,75.33
GBR_NP,1971,male,69.05
GBR_NP,1972,female,75.07
GBR_NP,1972,male,68.84
GBR_NP,1973,female,75.28
GBR_NP,1973,male,69.01
GBR_NP,1974,female,75.45
GBR_NP,1974,male,69.22
GBR_NP,1975,female,75.71
GBR_NP,1975,male,69.51
GBR_NP,1976,female,75.68
GBR_NP,1976,male,69.53
GBR_NP,1977,female,76.14
GBR_NP,1977,male,70
GBR_NP,1978,female,76.07
GBR_NP,1978,male,69.94
GBR_NP,1979,female,76.19
GBR_NP,1979,male,70.06
GBR_NP,1980,female,76.57
GBR_NP,1980,male,70.51
GBR_NP,1981,female,76.88
GBR_NP,1981,male,70.85
GBR_NP,1982,female,76.94
GBR_NP,1982,male,71.03
GBR_NP,1983,female,77.22
GBR_NP,1983,male,71.27
GBR_NP,1984,female,77.55
GBR_NP,1984,male,71.68
GBR_NP,1985,female,77.36
GBR_NP,1985,male,71.61
GBR_NP,1986,female,77.67
GBR_NP,1986,male,71.82
GBR_NP,1987,female,77.96
GBR_NP,1987,male,72.21
GBR_NP,1988,female,78.06
GBR_NP,1988,male,72.34
GBR_NP,1989,female,78.08
GBR_NP,1989,male,72.58
GBR_NP,1990,female,78.5
GBR_NP,1990,male,72.84
GBR_NP,1991,female,78.61
GBR_NP,1991,male,73.08
GBR_NP,1992,female,78.96
GBR_NP,1992,male,73.51
GBR_NP,1993,female,78.77
GBR_NP,1993,male,73.44
GBR_NP,1994,female,79.31
GBR_NP,1994,male,73.99
GBR_NP,1995,female,79.19
GBR_NP,1995,male,73.93
GBR_NP,1996,female,79.4
GBR_NP,1996,male,74.22
GBR_NP,1997,female,79.58
GBR_NP,1997,male,74.57
GBR_NP,1998,female,79.72
GBR_NP,1998,male,74.72
GBR_NP,1999,female,79.76
GBR_NP,1999,male,74.87
GBR_NP,2000,female,80.19
GBR_NP,2000,male,75.38
GBR_NP,2001,female,80.42
GBR_NP,2001,male,75.69
GBR_NP,2002,female,80.51
GBR_NP,2002,male,75.84
GBR_NP,2003,female,80.49
GBR_NP,2003,male,76.06
GBR_NP,2004,female,81.05
GBR_NP,2004,male,76.62
GBR_NP,2005,female,81.19
GBR_NP,2005,male,76.89
GBR_NP,2006,female,81.47
GBR_NP,2006,male,77.1
GBR_NP,2007,female,81.61
GBR_NP,2007,male,77.34
GBR_NP,2008,female,81.66
GBR_NP,2008,male,77.53
GBR_NP,2009,female,82.18
GBR_NP,2009,male,78
GBR_NP,2010,female,82.32
GBR_NP,2010,male,78.33
GBR_NP,2011,female,82.7
GBR_NP,2011,male,78.75
GBR_NP,2012,female,82.64
GBR_NP,2012,male,78.93
GBR_NP,2013,female,82.74
GBR_NP,2013,male,78.97
GBR_NP,2014,female,82.96
GBR_NP,2014,male,79.21
GBR_NP,2015,female,82.69
GBR_NP,2015,male,79
GBR_NP,2016,female,82.83
GBR_NP,2016,male,79.15
GBR_NP,2017,female,82.94
GBR_NP,2017,male,79.22
GBR_NP,2018,female,82.89
GBR_NP,2018,male,79.18
GBR_NP,2019,female,83.21
GBR_NP,2019,male,79.47
GBR_NP,2020,female,82.37
GBR_NP,2020,male,78.3
GBR_NP,2021,female,82.53
GBR_NP,2021,male,78.47
GBR_NP,2022,female,82.86
GBR_NP,2022,male,79.02
GBRTENW,1841,female,42.65
GBRTENW,1841,male,40.61
GBRTENW,1842,female,42.21
GBRTENW,1842,male,40.42
GBRTENW,1843,female,42.82
GBRTENW,1843,male,40.84
GBRTENW,1844,female,42.5
GBRTENW,1844,male,40.53
GBRTENW,1845,female,43.53
GBRTENW,1845,male,41.49
GBRTENW,1846,female,40.95
GBRTENW,1846,male,38.91
GBRTENW,1847,female,39.29
GBRTENW,1847,male,37.33
GBRTENW,1848,female,40.5
GBRTENW,1848,male,38.46
GBRTENW,1849,female,38.17
GBRTENW,1849,male,36.54
GBRTENW,1850,female,43.66
GBRTENW,1850,male,41.86
GBRTENW,1851,female,42.36
GBRTENW,1851,male,40.4
GBRTENW,1852,female,41.97
GBRTENW,1852,male,39.81
GBRTENW,1853,female,41.65
GBRTENW,1853,male,39.42
GBRTENW,1854,female,40.33
GBRTENW,1854,male,38.3
GBRTENW,1855,female,42.15
GBRTENW,1855,male,39.88
GBRTENW,1856,female,44.32
GBRTENW,1856,male,42.12
GBRTENW,1857,female,42.8
GBRTENW,1857,male,40.9
GBRTENW,1858,female,40.92
GBRTENW,1858,male,39.08
GBRTENW,1859,female,41.79
GBRTENW,1859,male,39.8
GBRTENW,1860,female,44.1
GBRTENW,1860,male,41.82
GBRTENW,1861,female,43.49
GBRTENW,1861,male,41.17
GBRTENW,1862,female,43.67
GBRTENW,1862,male,41.31
GBRTENW,1863,female,41.59
GBRTENW,1863,male,39.17
GBRTENW,1864,female,41.23
GBRTENW,1864,male,38.68
GBRTENW,1865,female,42
GBRTENW,1865,male,39.28
GBRTENW,1866,female,41.7
GBRTENW,1866,male,39.1
GBRTENW,1867,female,44.04
GBRTENW,1867,male,41.17
GBRTENW,1868,female,43.35
GBRTENW,1868,male,40.62
GBRTENW,1869,female,43.09
GBRTENW,1869,male,40.19
GBRTENW,1870,female,42.43
GBRTENW,1870,male,39.43
GBRTENW,1871,female,42.84
GBRTENW,1871,male,39.75
GBRTENW,1872,female,44.53
GBRTENW,1872,male,41.25
GBRTENW,1873,female,45.41
GBRTENW,1873,male,42.12
GBRTENW,1874,female,43.66
GBRTENW,1874,male,40.54
GBRTENW,1875,female,43.42
GBRTENW,1875,male,40.24
GBRTENW,1876,female,45.4
GBRTENW,1876,male,41.94
GBRTENW,1877,female,46.5
GBRTENW,1877,male,42.89
GBRTENW,1878,female,44.61
GBRTENW,1878,male,41.39
GBRTENW,1879,female,45.89
GBRTENW,1879,male,42.58
GBRTENW,1880,female,45.36
GBRTENW,1880,male,42.13
GBRTENW,1881,female,47.65
GBRTENW,1881,male,44.54
GBRTENW,1882,female,46.35
GBRTENW,1882,male,43.34
GBRTENW,1883,female,46.65
GBRTENW,1883,male,43.49
GBRTENW,1884,female,46.31
GBRTENW,1884,male,43.2
GBRTENW,1885,female,47.25
GBRTENW,1885,male,44.22
GBRTENW,1886,female,46.87
GBRTENW,1886,male,43.74
GBRTENW,1887,female,47.15
GBRTENW,1887,male,44.11
GBRTENW,1888,female,48.49
GBRTENW,1888,male,45.09
GBRTENW,1889,female,47.95
GBRTENW,1889,male,44.69
GBRTENW,1890,female,46.53
GBRTENW,1890,male,42.95
GBRTENW,1891,female,46.01
GBRTENW,1891,male,42.52
GBRTENW,1892,female,47.08
GBRTENW,1892,male,43.87
GBRTENW,1893,female,46.45
GBRTENW,1893,male,43.24
GBRTENW,1894,female,49.94
GBRTENW,1894,male,46.67
GBRTENW,1895,female,47.33
GBRTENW,1895,male,44.07
GBRTENW,1896,female,49.05
GBRTENW,1896,male,45.71
GBRTENW,1897,female,49.08
GBRTENW,1897,male,45.34
GBRTENW,1898,female,48.76
GBRTENW,1898,male,45.19
GBRTENW,1899,female,47.98
GBRTENW,1899,male,44.29
GBRTENW,1900,female,48.25
GBRTENW,1900,male,44.39
GBRTENW,1901,female,49.82
GBRTENW,1901,male,45.98
GBRTENW,1902,female,51.02
GBRTENW,1902,male,47.12
GBRTENW,1903,female,52.32
GBRTENW,1903,male,48.48
GBRTENW,1904,female,50.95
GBRTENW,1904,male,47.25
GBRTENW,1905,female,52.68
GBRTENW,1905,male,48.99
GBRTENW,1906,female,52.46
GBRTENW,1906,male,48.68
GBRTENW,1907,female,53.27
GBRTENW,1907,male,49.56
GBRTENW,1908,female,53.77
GBRTENW,1908,male,49.87
GBRTENW,1909,female,54.29
GBRTENW,1909,male,50.67
GBRTENW,1910,female,55.86
GBRTENW,1910,male,52.05
GBRTENW,1911,female,53.48
GBRTENW,1911,male,49.56
GBRTENW,1912,female,56.41
GBRTENW,1912,male,52.61
GBRTENW,1913,female,55.86
GBRTENW,1913,male,51.75
GBRTENW,1914,female,55.67
GBRTENW,1914,male,48.49
GBRTENW,1915,female,54.32
GBRTENW,1915,male,42.91
GBRTENW,1916,female,57.07
GBRTENW,1916,male,40.47
GBRTENW,1917,female,57.24
GBRTENW,1917,male,37.23
GBRTENW,1918,female,50.25
GBRTENW,1918,male,33.39
GBRTENW,1919,female,56.61
GBRTENW,1919,male,51.51
GBRTENW,1920,female,58.72
GBRTENW,1920,male,54.3
GBRTENW,1921,female,60.21
GBRTENW,1921,male,56.26
GBRTENW,1922,female,59.5
GBRTENW,1922,male,55.65
GBRTENW,1923,female,61.67
GBRTENW,1923,male,57.68
GBRTENW,1924,female,60.68
GBRTENW,1924,male,56.69
GBRTENW,1925,female,60.82
GBRTENW,1925,male,56.87
GBRTENW,1926,female,62.03
GBRTENW,1926,male,58
GBRTENW,1927,female,61.36
GBRTENW,1927,male,57.25
GBRTENW,1928,female,62.52
GBRTENW,1928,male,58.32
GBRTENW,1929,female,59.96
GBRTENW,1929,male,55.91
GBRTENW,1930,female,63.46
GBRTENW,1930,male,59.1
GBRTENW,1931,female,62.41
GBRTENW,1931,male,58.25
GBRTENW,1932,female,63.01
GBRTENW,1932,male,59.01
GBRTENW,1933,female,62.91
GBRTENW,1933,male,58.99
GBRTENW,1934,female,63.72
GBRTENW,1934,male,59.72
GBRTENW,1935,female,64.54
GBRTENW,1935,male,60.45
GBRTENW,1936,female,64.42
GBRTENW,1936,male,60.11
GBRTENW,1937,female,64.46
GBRTENW,1937,male,60.17
GBRTENW,1938,female,65.96
GBRTENW,1938,male,61.43
GBRTENW,1939,female,66.24
GBRTENW,1939,male,61.83
GBRTENW,1940,female,63.94
GBRTENW,1940,male,57.34
GBRTENW,1941,female,64.77
GBRTENW,1941,male,58.62
GBRTENW,1942,female,67.38
GBRTENW,1942,male,59.24
GBRTENW,1943,female,67.32
GBRTENW,1943,male,58.06
GBRTENW,1944,female,68.19
GBRTENW,1944,male,57.71
GBRTENW,1945,female,68.73
GBRTENW,1945,male,55.75
GBRTENW,1946,female,69.18
GBRTENW,1946,male,64.6
GBRTENW,1947,female,69.28
GBRTENW,1947,male,64.58
GBRTENW,1948,female,71.1
GBRTENW,1948,male,66.46
GBRTENW,1949,female,70.72
GBRTENW,1949,male,66.14
GBRTENW,1950,female,71.31
GBRTENW,1950,male,66.52
GBRTENW,1951,female,71.03
GBRTENW,1951,male,65.91
GBRTENW,1952,female,72.47
GBRTENW,1952,male,67.08
GBRTENW,1953,female,72.62
GBRTENW,1953,male,67.32
GBRTENW,1954,female,73.13
GBRTENW,1954,male,67.66
GBRTENW,1955,female,73.08
GBRTENW,1955,male,67.58
GBRTENW,1956,female,73.36
GBRTENW,1956,male,67.77
GBRTENW,1957,female,73.59
GBRTENW,1957,male,67.83
GBRTENW,1958,female,73.77
GBRTENW,1958,male,67.99
GBRTENW,1959,female,73.89
GBRTENW,1959,male,68.15
GBRTENW,1960,female,74.15
GBRTENW,1960,male,68.25
GBRTENW,1961,female,73.88
GBRTENW,1961,male,68.02
GBRTENW,1962,female,74.01
GBRTENW,1962,male,68.01
GBRTENW,1963,female,73.96
GBRTENW,1963,male,67.93
GBRTENW,1964,female,74.79
GBRTENW,1964,male,68.61
GBRTENW,1965,female,74.82
GBRTENW,1965,male,68.56
GBRTENW,1966,female,74.75
GBRTENW,1966,male,68.48
GBRTENW,1967,female,75.26
GBRTENW,1967,male,69.1
GBRTENW,1968,female,74.92
GBRTENW,1968,male,68.74
GBRTENW,1969,female,74.99
GBRTENW,1969,male,68.65
GBRTENW,1970,female,75.19
GBRTENW,1970,male,68.89
GBRTENW,1971,female,75.51
GBRTENW,1971,male,69.23
GBRTENW,1972,female,75.26
GBRTENW,1972,male,69.05
GBRTENW,1973,female,75.5
GBRTENW,1973,male,69.27
GBRTENW,1974,female,75.68
GBRTENW,1974,male,69.47
GBRTENW,1975,female,75.89
GBRTENW,1975,male,69.73
GBRTENW,1976,female,75.87
GBRTENW,1976,male,69.75
GBRTENW,1977,female,76.34
GBRTENW,1977,male,70.23
GBRTENW,1978,female,76.28
GBRTENW,1978,male,70.15
GBRTENW,1979,female,76.4
GBRTENW,1979,male,70.29
GBRTENW,1980,female,76.76
GBRTENW,1980,male,70.74
GBRTENW,1981,female,77.07
GBRTENW,1981,male,71.08
GBRTENW,1982,female,77.17
GBRTENW,1982,male,71.26
GBRTENW,1983,female,77.4
GBRTENW,1983,male,71.48
GBRTENW,1984,female,77.75
GBRTENW,1984,male,71.9
GBRTENW,1985,female,77.54
GBRTENW,1985,male,71.81
GBRTENW,1986,female,77.84
GBRTENW,1986,male,72.03
GBRTENW,1987,female,78.13
GBRTENW,1987,male,72.42
GBRTENW,1988,female,78.23
GBRTENW,1988,male,72.57
GBRTENW,1989,female,78.3
GBRTENW,1989,male,72.81
GBRTENW,1990,female,78.69
GBRTENW,1990,male,73.04
GBRTENW,1991,female,78.78
GBRTENW,1991,male,73.28
GBRTENW,1992,female,79.14
GBRTENW,1992,male,73.73
GBRTENW,1993,female,78.98
GBRTENW,1993,male,73.68
GBRTENW,1994,female,79.49
GBRTENW,1994,male,74.21
GBRTENW,1995,female,79.37
GBRTENW,1995,male,74.14
GBRTENW,1996,female,79.58
GBRTENW,1996,male,74.46
GBRTENW,1997,female,79.75
GBRTENW,1997,male,74.79
GBRTENW,1998,female,79.88
GBRTENW,1998,male,74.94
GBRTENW,1999,female,79.94
GBRTENW,1999,male,75.12
GBRTENW,2000,female,80.37
GBRTENW,2000,male,75.62
GBRTENW,2001,female,80.59
GBRTENW,2001,male,75.94
GBRTENW,2002,female,80.69
GBRTENW,2002,male,76.12
GBRTENW,2003,female,80.65
GBRTENW,2003,male,76.3
GBRTENW,2004,female,81.24
GBRTENW,2004,male,76.88
GBRTENW,2005,female,81.37
GBRTENW,2005,male,77.15
GBRTENW,2006,female,81.66
GBRTENW,2006,male,77.36
GBRTENW,2007,female,81.81
GBRTENW,2007,male,77.63
GBRTENW,2008,female,81.87
GBRTENW,2008,male,77.79
GBRTENW,2009,female,82.39
GBRTENW,2009,male,78.24
GBRTENW,2010,female,82.52
GBRTENW,2010,male,78.59
GBRTENW,2011,female,82.91
GBRTENW,2011,male,79
GBRTENW,2012,female,82.85
GBRTENW,2012,male,79.17
GBRTENW,2013,female,82.94
GBRTENW,2013,male,79.19
GBRTENW,2014,female,83.15
GBRTENW,2014,male,79.41
GBRTENW,2015,female,82.88
GBRTENW,2015,male,79.23
GBRTENW,2016,female,83.03
GBRTENW,2016,male,79.37
GBRTENW,2017,female,83.14
GBRTENW,2017,male,79.45
GBRTENW,2018,female,83.1
GBRTENW,2018,male,79.4
GBRTENW,2019,female,83.43
GBRTENW,2019,male,79.7
GBRTENW,2020,female,82.54
GBRTENW,2020,male,78.51
GBRTENW,2021,female,82.75
GBRTENW,2021,male,78.68
GBRTENW,2022,female,83.07
GBRTENW,2022,male,79.22
GBRCENW,1841,female,42.65
GBRCENW,1841,male,40.61
GBRCENW,1842,female,42.21
GBRCENW,1842,male,40.42
GBRCENW,1843,female,42.82
GBRCENW,1843,male,40.84
GBRCENW,1844,female,42.5
GBRCENW,1844,male,40.53
GBRCENW,1845,female,43.53
GBRCENW,1845,male,41.49
GBRCENW,1846,female,40.95
GBRCENW,1846,male,38.91
GBRCENW,1847,female,39.29
GBRCENW,1847,male,37.33
GBRCENW,1848,female,40.5
GBRCENW,1848,male,38.46
GBRCENW,1849,female,38.17
GBRCENW,1849,male,36.54
GBRCENW,1850,female,43.66
GBRCENW,1850,male,41.86
GBRCENW,1851,female,42.36
GBRCENW,1851,male,40.4
GBRCENW,1852,female,41.97
GBRCENW,1852,male,39.81
GBRCENW,1853,female,41.65
GBRCENW,1853,male,39.42
GBRCENW,1854,female,40.33
GBRCENW,1854,male,38.3
GBRCENW,1855,female,42.15
GBRCENW,1855,male,39.88
GBRCENW,1856,female,44.32
GBRCENW,1856,male,42.12
GBRCENW,1857,female,42.8
GBRCENW,1857,male,40.9
GBRCENW,1858,female,40.92
GBRCENW,1858,male,39.08
GBRCENW,1859,female,41.79
GBRCENW,1859,male,39.8
GBRCENW,1860,female,44.1
GBRCENW,1860,male,41.82
GBRCENW,1861,female,43.49
GBRCENW,1861,male,41.17
GBRCENW,1862,female,43.67
GBRCENW,1862,male,41.31
GBRCENW,1863,female,41.59
GBRCENW,1863,male,39.17
GBRCENW,1864,female,41.23
GBRCENW,1864,male,38.68
GBRCENW,1865,female,42
GBRCENW,1865,male,39.28
GBRCENW,1866,female,41.7
GBRCENW,1866,male,39.1
GBRCENW,1867,female,44.04
GBRCENW,1867,male,41.17
GBRCENW,1868,female,43.35
GBRCENW,1868,male,40.62
GBRCENW,1869,female,43.09
GBRCENW,1869,male,40.19
GBRCENW,1870,female,42.43
GBRCENW,1870,male,39.43
GBRCENW,1871,female,42.84
GBRCENW,1871,male,39.75
GBRCENW,1872,female,44.53
GBRCENW,1872,male,41.25
GBRCENW,1873,female,45.41
GBRCENW,1873,male,42.12
GBRCENW,1874,female,43.66
GBRCENW,1874,male,40.54
GBRCENW,1875,female,43.42
GBRCENW,1875,male,40.24
GBRCENW,1876,female,45.4
GBRCENW,1876,male,41.94
GBRCENW,1877,female,46.5
GBRCENW,1877,male,42.89
GBRCENW,1878,female,44.61
GBRCENW,1878,male,41.39
GBRCENW,1879,female,45.89
GBRCENW,1879,male,42.58
GBRCENW,1880,female,45.36
GBRCENW,1880,male,42.13
GBRCENW,1881,female,47.65
GBRCENW,1881,male,44.54
GBRCENW,1882,female,46.35
GBRCENW,1882,male,43.34
GBRCENW,1883,female,46.65
GBRCENW,1883,male,43.49
GBRCENW,1884,female,46.31
GBRCENW,1884,male,43.2
GBRCENW,1885,female,47.25
GBRCENW,1885,male,44.22
GBRCENW,1886,female,46.87
GBRCENW,1886,male,43.74
GBRCENW,1887,female,47.15
GBRCENW,1887,male,44.11
GBRCENW,1888,female,48.49
GBRCENW,1888,male,45.09
GBRCENW,1889,female,47.95
GBRCENW,1889,male,44.69
GBRCENW,1890,female,46.53
GBRCENW,1890,male,42.95
GBRCENW,1891,female,46.01
GBRCENW,1891,male,42.52
GBRCENW,1892,female,47.08
GBRCENW,1892,male,43.87
GBRCENW,1893,female,46.45
GBRCENW,1893,male,43.24
GBRCENW,1894,female,49.94
GBRCENW,1894,male,46.67
GBRCENW,1895,female,47.33
GBRCENW,1895,male,44.07
GBRCENW,1896,female,49.05
GBRCENW,1896,male,45.71
GBRCENW,1897,female,49.08
GBRCENW,1897,male,45.34
GBRCENW,1898,female,48.76
GBRCENW,1898,male,45.19
GBRCENW,1899,female,47.98
GBRCENW,1899,male,44.29
GBRCENW,1900,female,48.25
GBRCENW,1900,male,44.39
GBRCENW,1901,female,49.82
GBRCENW,1901,male,45.98
GBRCENW,1902,female,51.02
GBRCENW,1902,male,47.12
GBRCENW,1903,female,52.32
GBRCENW,1903,male,48.48
GBRCENW,1904,female,50.95
GBRCENW,1904,male,47.25
GBRCENW,1905,female,52.68
GBRCENW,1905,male,48.99
GBRCENW,1906,female,52.46
GBRCENW,1906,male,48.68
GBRCENW,1907,female,53.27
GBRCENW,1907,male,49.56
GBRCENW,1908,female,53.77
GBRCENW,1908,male,49.87
GBRCENW,1909,female,54.29
GBRCENW,1909,male,50.67
GBRCENW,1910,female,55.86
GBRCENW,1910,male,52.05
GBRCENW,1911,female,53.48
GBRCENW,1911,male,49.56
GBRCENW,1912,female,56.41
GBRCENW,1912,male,52.61
GBRCENW,1913,female,55.86
GBRCENW,1913,male,51.75
GBRCENW,1914,female,55.67
GBRCENW,1914,male,51.29
GBRCENW,1915,female,54.32
GBRCENW,1915,male,48.5
GBRCENW,1916,female,57.07
GBRCENW,1916,male,49.68
GBRCENW,1917,female,57.24
GBRCENW,1917,male,48.63
GBRCENW,1918,female,50.25
GBRCENW,1918,male,41.06
GBRCENW,1919,female,56.61
GBRCENW,1919,male,50.54
GBRCENW,1920,female,58.71
GBRCENW,1920,male,54.02
GBRCENW,1921,female,60.2
GBRCENW,1921,male,56.21
GBRCENW,1922,female,59.5
GBRCENW,1922,male,55.65
GBRCENW,1923,female,61.67
GBRCENW,1923,male,57.68
GBRCENW,1924,female,60.68
GBRCENW,1924,male,56.69
GBRCENW,1925,female,60.82
GBRCENW,1925,male,56.87
GBRCENW,1926,female,62.03
GBRCENW,1926,male,58
GBRCENW,1927,female,61.36
GBRCENW,1927,male,57.25
GBRCENW,1928,female,62.52
GBRCENW,1928,male,58.32
GBRCENW,1929,female,59.96
GBRCENW,1929,male,55.91
GBRCENW,1930,female,63.46
GBRCENW,1930,male,59.1
GBRCENW,1931,female,62.41
GBRCENW,1931,male,58.25
GBRCENW,1932,female,63.01
GBRCENW,1932,male,59.01
GBRCENW,1933,female,62.91
GBRCENW,1933,male,58.99
GBRCENW,1934,female,63.72
GBRCENW,1934,male,59.72
GBRCENW,1935,female,64.54
GBRCENW,1935,male,60.45
GBRCENW,1936,female,64.42
GBRCENW,1936,male,60.11
GBRCENW,1937,female,64.46
GBRCENW,1937,male,60.17
GBRCENW,1938,female,65.96
GBRCENW,1938,male,61.43
GBRCENW,1939,female,66.24
GBRCENW,1939,male,61.78
GBRCENW,1940,female,63.94
GBRCENW,1940,male,58.61
GBRCENW,1941,female,64.74
GBRCENW,1941,male,58.73
GBRCENW,1942,female,67.31
GBRCENW,1942,male,61.36
GBRCENW,1943,female,67.23
GBRCENW,1943,male,61.48
GBRCENW,1944,female,68.09
GBRCENW,1944,male,61.96
GBRCENW,1945,female,68.76
GBRCENW,1945,male,63.19
GBRCENW,1946,female,69.15
GBRCENW,1946,male,64.16
GBRCENW,1947,female,69.28
GBRCENW,1947,male,64.4
GBRCENW,1948,female,71.1
GBRCENW,1948,male,66.38
GBRCENW,1949,female,70.72
GBRCENW,1949,male,66.11
GBRCENW,1950,female,71.33
GBRCENW,1950,male,66.52
GBRCENW,1951,female,71.05
GBRCENW,1951,male,65.95
GBRCENW,1952,female,72.47
GBRCENW,1952,male,67.08
GBRCENW,1953,female,72.62
GBRCENW,1953,male,67.32
GBRCENW,1954,female,73.13
GBRCENW,1954,male,67.66
GBRCENW,1955,female,73.08
GBRCENW,1955,male,67.58
GBRCENW,1956,female,73.36
GBRCENW,1956,male,67.77
GBRCENW,1957,female,73.59
GBRCENW,1957,male,67.83
GBRCENW,1958,female,73.77
GBRCENW,1958,male,67.99
GBRCENW,1959,female,73.89
GBRCENW,1959,male,68.15
GBRCENW,1960,female,74.15
GBRCENW,1960,male,68.25
GBRCENW,1961,female,73.88
GBRCENW,1961,male,68.02
GBRCENW,1962,female,74.01
GBRCENW,1962,male,68.01
GBRCENW,1963,female,73.96
GBRCENW,1963,male,67.93
GBRCENW,1964,female,74.79
GBRCENW,1964,male,68.61
GBRCENW,1965,female,74.82
GBRCENW,1965,male,68.56
GBRCENW,1966,female,74.75
GBRCENW,1966,male,68.48
GBRCENW,1967,female,75.26
GBRCENW,1967,male,69.1
GBRCENW,1968,female,74.92
GBRCENW,1968,male,68.74
GBRCENW,1969,female,74.99
GBRCENW,1969,male,68.65
GBRCENW,1970,female,75.19
GBRCENW,1970,male,68.89
GBRCENW,1971,female,75.51
GBRCENW,1971,male,69.23
GBRCENW,1972,female,75.26
GBRCENW,1972,male,69.05
GBRCENW,1973,female,75.5
GBRCENW,1973,male,69.27
GBRCENW,1974,female,75.68
GBRCENW,1974,male,69.47
GBRCENW,1975,female,75.89
GBRCENW,1975,male,69.73
GBRCENW,1976,female,75.87
GBRCENW,1976,male,69.75
GBRCENW,1977,female,76.34
GBRCENW,1977,male,70.23
GBRCENW,1978,female,76.28
GBRCENW,1978,male,70.15
GBRCENW,1979,female,76.4
GBRCENW,1979,male,70.29
GBRCENW,1980,female,76.76
GBRCENW,1980,male,70.74
GBRCENW,1981,female,77.07
GBRCENW,1981,male,71.08
GBRCENW,1982,female,77.17
GBRCENW,1982,male,71.26
GBRCENW,1983,female,77.4
GBRCENW,1983,male,71.48
GBRCENW,1984,female,77.75
GBRCENW,1984,male,71.9
GBRCENW,1985,female,77.54
GBRCENW,1985,male,71.81
GBRCENW,1986,female,77.84
GBRCENW,1986,male,72.03
GBRCENW,1987,female,78.13
GBRCENW,1987,male,72.42
GBRCENW,1988,female,78.23
GBRCENW,1988,male,72.57
GBRCENW,1989,female,78.3
GBRCENW,1989,male,72.81
GBRCENW,1990,female,78.69
GBRCENW,1990,male,73.04
GBRCENW,1991,female,78.78
GBRCENW,1991,male,73.28
GBRCENW,1992,female,79.14
GBRCENW,1992,male,73.73
GBRCENW,1993,female,78.98
GBRCENW,1993,male,73.68
GBRCENW,1994,female,79.49
GBRCENW,1994,male,74.21
GBRCENW,1995,female,79.37
GBRCENW,1995,male,74.14
GBRCENW,1996,female,79.58
GBRCENW,1996,male,74.46
GBRCENW,1997,female,79.75
GBRCENW,1997,male,74.79
GBRCENW,1998,female,79.88
GBRCENW,1998,male,74.94
GBRCENW,1999,female,79.94
GBRCENW,1999,male,75.12
GBRCENW,2000,female,80.37
GBRCENW,2000,male,75.62
GBRCENW,2001,female,80.59
GBRCENW,2001,male,75.94
GBRCENW,2002,female,80.69
GBRCENW,2002,male,76.12
GBRCENW,2003,female,80.65
GBRCENW,2003,male,76.3
GBRCENW,2004,female,81.24
GBRCENW,2004,male,76.88
GBRCENW,2005,female,81.37
GBRCENW,2005,male,77.15
GBRCENW,2006,female,81.66
GBRCENW,2006,male,77.36
GBRCENW,2007,female,81.81
GBRCENW,2007,male,77.63
GBRCENW,2008,female,81.87
GBRCENW,2008,male,77.79
GBRCENW,2009,female,82.39
GBRCENW,2009,male,78.24
GBRCENW,2010,female,82.52
GBRCENW,2010,male,78.59
GBRCENW,2011,female,82.91
GBRCENW,2011,male,79
GBRCENW,2012,female,82.85
GBRCENW,2012,male,79.17
GBRCENW,2013,female,82.94
GBRCENW,2013,male,79.19
GBRCENW,2014,female,83.15
GBRCENW,2014,male,79.41
GBRCENW,2015,female,82.88
GBRCENW,2015,male,79.23
GBRCENW,2016,female,83.03
GBRCENW,2016,male,79.37
GBRCENW,2017,female,83.14
GBRCENW,2017,male,79.45
GBRCENW,2018,female,83.1
GBRCENW,2018,male,79.4
GBRCENW,2019,female,83.43
GBRCENW,2019,male,79.7
GBRCENW,2020,female,82.54
GBRCENW,2020,male,78.51
GBRCENW,2021,female,82.75
GBRCENW,2021,male,78.68
GBRCENW,2022,female,83.07
GBRCENW,2022,male,79.22
GBR_SCO,1855,female,44.35
GBR_SCO,1855,male,41.48
GBR_SCO,1856,female,45.99
GBR_SCO,1856,male,42.54
GBR_SCO,1857,female,45.12
GBR_SCO,1857,male,41.8
GBR_SCO,1858,female,44.55
GBR_SCO,1858,male,41.45
GBR_SCO,1859,female,45.17
GBR_SCO,1859,male,42.49
GBR_SCO,1860,female,42.67
GBR_SCO,1860,male,40.25
GBR_SCO,1861,female,45.32
GBR_SCO,1861,male,42.67
GBR_SCO,1862,female,43.78
GBR_SCO,1862,male,41.32
GBR_SCO,1863,female,41.91
GBR_SCO,1863,male,39.36
GBR_SCO,1864,female,41.5
GBR_SCO,1864,male,38.79
GBR_SCO,1865,female,43.25
GBR_SCO,1865,male,40.61
GBR_SCO,1866,female,43.54
GBR_SCO,1866,male,40.98
GBR_SCO,1867,female,44.95
GBR_SCO,1867,male,42.14
GBR_SCO,1868,female,44.81
GBR_SCO,1868,male,41.94
GBR_SCO,1869,female,42.5
GBR_SCO,1869,male,39.8
GBR_SCO,1870,female,43.17
GBR_SCO,1870,male,40.47
GBR_SCO,1871,female,42.45
GBR_SCO,1871,male,40.44
GBR_SCO,1872,female,43.2
GBR_SCO,1872,male,40.25
GBR_SCO,1873,female,43.84
GBR_SCO,1873,male,40.36
GBR_SCO,1874,female,42.13
GBR_SCO,1874,male,39.03
GBR_SCO,1875,female,41.95
GBR_SCO,1875,male,39.88
GBR_SCO,1876,female,45.33
GBR_SCO,1876,male,42.11
GBR_SCO,1877,female,46.11
GBR_SCO,1877,male,42.9
GBR_SCO,1878,female,44.84
GBR_SCO,1878,male,42.24
GBR_SCO,1879,female,46.41
GBR_SCO,1879,male,44.1
GBR_SCO,1880,female,45.28
GBR_SCO,1880,male,42.45
GBR_SCO,1881,female,46.81
GBR_SCO,1881,male,44.05
GBR_SCO,1882,female,46.43
GBR_SCO,1882,male,43.96
GBR_SCO,1883,female,45.63
GBR_SCO,1883,male,43.14
GBR_SCO,1884,female,46.35
GBR_SCO,1884,male,43.73
GBR_SCO,1885,female,46.77
GBR_SCO,1885,male,44.5
GBR_SCO,1886,female,47.49
GBR_SCO,1886,male,45.13
GBR_SCO,1887,female,46.96
GBR_SCO,1887,male,44.76
GBR_SCO,1888,female,48.42
GBR_SCO,1888,male,46.38
GBR_SCO,1889,female,47.68
GBR_SCO,1889,male,45.3
GBR_SCO,1890,female,45.67
GBR_SCO,1890,male,43.26
GBR_SCO,1891,female,45.08
GBR_SCO,1891,male,42.78
GBR_SCO,1892,female,47.53
GBR_SCO,1892,male,45.04
GBR_SCO,1893,female,46.03
GBR_SCO,1893,male,43.59
GBR_SCO,1894,female,49.17
GBR_SCO,1894,male,46.93
GBR_SCO,1895,female,46.51
GBR_SCO,1895,male,43.7
GBR_SCO,1896,female,50.05
GBR_SCO,1896,male,47.31
GBR_SCO,1897,female,47.7
GBR_SCO,1897,male,44.92
GBR_SCO,1898,female,48.08
GBR_SCO,1898,male,45.2
GBR_SCO,1899,female,48.37
GBR_SCO,1899,male,45.33
GBR_SCO,1900,female,48.05
GBR_SCO,1900,male,44.81
GBR_SCO,1901,female,48.15
GBR_SCO,1901,male,45.28
GBR_SCO,1902,female,49.89
GBR_SCO,1902,male,46.56
GBR_SCO,1903,female,50.55
GBR_SCO,1903,male,47.41
GBR_SCO,1904,female,49.8
GBR_SCO,1904,male,47.12
GBR_SCO,1905,female,51.11
GBR_SCO,1905,male,48.27
GBR_SCO,1906,female,51.11
GBR_SCO,1906,male,48.35
GBR_SCO,1907,female,50.7
GBR_SCO,1907,male,48.18
GBR_SCO,1908,female,50.63
GBR_SCO,1908,male,47.7
GBR_SCO,1909,female,52.06
GBR_SCO,1909,male,49.28
GBR_SCO,1910,female,52.8
GBR_SCO,1910,male,49.75
GBR_SCO,1911,female,53.01
GBR_SCO,1911,male,49.97
GBR_SCO,1912,female,53.17
GBR_SCO,1912,male,50.11
GBR_SCO,1913,female,53.09
GBR_SCO,1913,male,49.91
GBR_SCO,1914,female,52.92
GBR_SCO,1914,male,49.76
GBR_SCO,1915,female,50.75
GBR_SCO,1915,male,47.11
GBR_SCO,1916,female,54.49
GBR_SCO,1916,male,50.97
GBR_SCO,1917,female,54.49
GBR_SCO,1917,male,50.77
GBR_SCO,1918,female,50.41
GBR_SCO,1918,male,47.3
GBR_SCO,1919,female,52.51
GBR_SCO,1919,male,49.08
GBR_SCO,1920,female,55.89
GBR_SCO,1920,male,52.06
GBR_SCO,1921,female,57.47
GBR_SCO,1921,male,54.36
GBR_SCO,1922,female,55.17
GBR_SCO,1922,male,52.15
GBR_SCO,1923,female,58.96
GBR_SCO,1923,male,55.68
GBR_SCO,1924,female,56.39
GBR_SCO,1924,male,52.94
GBR_SCO,1925,female,58.26
GBR_SCO,1925,male,54.38
GBR_SCO,1926,female,58.99
GBR_SCO,1926,male,55.4
GBR_SCO,1927,female,58.66
GBR_SCO,1927,male,54.89
GBR_SCO,1928,female,58.6
GBR_SCO,1928,male,55.1
GBR_SCO,1929,female,57.78
GBR_SCO,1929,male,53.92
GBR_SCO,1930,female,59.43
GBR_SCO,1930,male,55.65
GBR_SCO,1931,female,59.9
GBR_SCO,1931,male,56.16
GBR_SCO,1932,female,59.11
GBR_SCO,1932,male,55.97
GBR_SCO,1933,female,60.47
GBR_SCO,1933,male,56.72
GBR_SCO,1934,female,60.62
GBR_SCO,1934,male,56.93
GBR_SCO,1935,female,61.19
GBR_SCO,1935,male,57.48
GBR_SCO,1936,female,60.87
GBR_SCO,1936,male,56.79
GBR_SCO,1937,female,60.9
GBR_SCO,1937,male,56.73
GBR_SCO,1938,female,62.5
GBR_SCO,1938,male,58.83
GBR_SCO,1939,female,63.44
GBR_SCO,1939,male,58.89
GBR_SCO,1940,female,61.41
GBR_SCO,1940,male,55.48
GBR_SCO,1941,female,60.95
GBR_SCO,1941,male,53.61
GBR_SCO,1942,female,63.77
GBR_SCO,1942,male,55.85
GBR_SCO,1943,female,63.59
GBR_SCO,1943,male,55.63
GBR_SCO,1944,female,64.64
GBR_SCO,1944,male,56.65
GBR_SCO,1945,female,65.93
GBR_SCO,1945,male,59.68
GBR_SCO,1946,female,65.44
GBR_SCO,1946,male,60.65
GBR_SCO,1947,female,65.51
GBR_SCO,1947,male,61.19
GBR_SCO,1948,female,67.53
GBR_SCO,1948,male,63.46
GBR_SCO,1949,female,67.53
GBR_SCO,1949,male,63.69
GBR_SCO,1950,female,68.17
GBR_SCO,1950,male,64.15
GBR_SCO,1951,female,68.42
GBR_SCO,1951,male,64.14
GBR_SCO,1952,female,69.57
GBR_SCO,1952,male,65.04
GBR_SCO,1953,female,70.67
GBR_SCO,1953,male,65.59
GBR_SCO,1954,female,70.58
GBR_SCO,1954,male,65.51
GBR_SCO,1955,female,70.66
GBR_SCO,1955,male,65.74
GBR_SCO,1956,female,71.24
GBR_SCO,1956,male,65.94
GBR_SCO,1957,female,71.42
GBR_SCO,1957,male,65.84
GBR_SCO,1958,female,71.41
GBR_SCO,1958,male,66.15
GBR_SCO,1959,female,71.58
GBR_SCO,1959,male,65.97
GBR_SCO,1960,female,71.95
GBR_SCO,1960,male,66.32
GBR_SCO,1961,female,71.89
GBR_SCO,1961,male,66.16
GBR_SCO,1962,female,72.12
GBR_SCO,1962,male,66.1
GBR_SCO,1963,female,71.98
GBR_SCO,1963,male,65.87
GBR_SCO,1964,female,72.84
GBR_SCO,1964,male,66.71
GBR_SCO,1965,female,72.73
GBR_SCO,1965,male,66.6
GBR_SCO,1966,female,72.65
GBR_SCO,1966,male,66.69
GBR_SCO,1967,female,73.69
GBR_SCO,1967,male,67.47
GBR_SCO,1968,female,73.22
GBR_SCO,1968,male,67.01
GBR_SCO,1969,female,73.21
GBR_SCO,1969,male,67.02
GBR_SCO,1970,female,73.43
GBR_SCO,1970,male,67.13
GBR_SCO,1971,female,73.96
GBR_SCO,1971,male,67.55
GBR_SCO,1972,female,73.68
GBR_SCO,1972,male,67.32
GBR_SCO,1973,female,73.87
GBR_SCO,1973,male,67.34
GBR_SCO,1974,female,73.82
GBR_SCO,1974,male,67.54
GBR_SCO,1975,female,74.41
GBR_SCO,1975,male,67.91
GBR_SCO,1976,female,74.35
GBR_SCO,1976,male,67.95
GBR_SCO,1977,female,74.72
GBR_SCO,1977,male,68.42
GBR_SCO,1978,female,74.41
GBR_SCO,1978,male,68.36
GBR_SCO,1979,female,74.55
GBR_SCO,1979,male,68.37
GBR_SCO,1980,female,75.22
GBR_SCO,1980,male,68.94
GBR_SCO,1981,female,75.43
GBR_SCO,1981,male,69.11
GBR_SCO,1982,female,75.29
GBR_SCO,1982,male,69.25
GBR_SCO,1983,female,75.73
GBR_SCO,1983,male,69.65
GBR_SCO,1984,female,75.92
GBR_SCO,1984,male,69.9
GBR_SCO,1985,female,75.84
GBR_SCO,1985,male,70.05
GBR_SCO,1986,female,76.3
GBR_SCO,1986,male,70.09
GBR_SCO,1987,female,76.55
GBR_SCO,1987,male,70.48
GBR_SCO,1988,female,76.73
GBR_SCO,1988,male,70.49
GBR_SCO,1989,female,76.18
GBR_SCO,1989,male,70.66
GBR_SCO,1990,female,76.94
GBR_SCO,1990,male,71.12
GBR_SCO,1991,female,77.15
GBR_SCO,1991,male,71.38
GBR_SCO,1992,female,77.3
GBR_SCO,1992,male,71.6
GBR_SCO,1993,female,76.98
GBR_SCO,1993,male,71.4
GBR_SCO,1994,female,77.74
GBR_SCO,1994,male,72.11
GBR_SCO,1995,female,77.69
GBR_SCO,1995,male,72.11
GBR_SCO,1996,female,77.82
GBR_SCO,1996,male,72.01
GBR_SCO,1997,female,78.11
GBR_SCO,1997,male,72.56
GBR_SCO,1998,female,78.23
GBR_SCO,1998,male,72.63
GBR_SCO,1999,female,78.24
GBR_SCO,1999,male,72.7
GBR_SCO,2000,female,78.62
GBR_SCO,2000,male,73.18
GBR_SCO,2001,female,78.82
GBR_SCO,2001,male,73.37
GBR_SCO,2002,female,78.86
GBR_SCO,2002,male,73.32
GBR_SCO,2003,female,78.86
GBR_SCO,2003,male,73.73
GBR_SCO,2004,female,79.39
GBR_SCO,2004,male,74.23
GBR_SCO,2005,female,79.46
GBR_SCO,2005,male,74.66
GBR_SCO,2006,female,79.75
GBR_SCO,2006,male,74.82
GBR_SCO,2007,female,79.79
GBR_SCO,2007,male,74.84
GBR_SCO,2008,female,79.92
GBR_SCO,2008,male,75.26
GBR_SCO,2009,female,80.4
GBR_SCO,2009,male,75.89
GBR_SCO,2010,female,80.59
GBR_SCO,2010,male,76.21
GBR_SCO,2011,female,80.8
GBR_SCO,2011,male,76.48
GBR_SCO,2012,female,80.78
GBR_SCO,2012,male,76.79
GBR_SCO,2013,female,81.04
GBR_SCO,2013,male,77.02
GBR_SCO,2014,female,81.3
GBR_SCO,2014,male,77.31
GBR_SCO,2015,female,81.02
GBR_SCO,2015,male,76.97
GBR_SCO,2016,female,81.06
GBR_SCO,2016,male,76.96
GBR_SCO,2017,female,81.14
GBR_SCO,2017,male,77.14
GBR_SCO,2018,female,81.01
GBR_SCO,2018,male,77.06
GBR_SCO,2019,female,81.2
GBR_SCO,2019,male,77.2
GBR_SCO,2020,female,80.72
GBR_SCO,2020,male,76.16
GBR_SCO,2021,female,80.52
GBR_SCO,2021,male,76.4
GBR_SCO,2022,female,80.9
GBR_SCO,2022,male,77.07
GBR_NIR,1922,female,54.92
GBR_NIR,1922,male,53.92
GBR_NIR,1923,female,55.82
GBR_NIR,1923,male,55.32
GBR_NIR,1924,female,54.76
GBR_NIR,1924,male,53.7
GBR_NIR,1925,female,54.74
GBR_NIR,1925,male,54.12
GBR_NIR,1926,female,55.93
GBR_NIR,1926,male,54.61
GBR_NIR,1927,female,56.83
GBR_NIR,1927,male,56.63
GBR_NIR,1928,female,57.48
GBR_NIR,1928,male,56.34
GBR_NIR,1929,female,55.64
GBR_NIR,1929,male,54.71
GBR_NIR,1930,female,59.21
GBR_NIR,1930,male,57.99
GBR_NIR,1931,female,58.21
GBR_NIR,1931,male,57.07
GBR_NIR,1932,female,58.43
GBR_NIR,1932,male,57.11
GBR_NIR,1933,female,58.05
GBR_NIR,1933,male,56.21
GBR_NIR,1934,female,59.6
GBR_NIR,1934,male,57.53
GBR_NIR,1935,female,57.61
GBR_NIR,1935,male,55.86
GBR_NIR,1936,female,58.95
GBR_NIR,1936,male,57.37
GBR_NIR,1937,female,58.64
GBR_NIR,1937,male,57.46
GBR_NIR,1938,female,59.87
GBR_NIR,1938,male,58.33
GBR_NIR,1939,female,61.83
GBR_NIR,1939,male,59.45
GBR_NIR,1940,female,59.48
GBR_NIR,1940,male,56.68
GBR_NIR,1941,female,59
GBR_NIR,1941,male,56.53
GBR_NIR,1942,female,62
GBR_NIR,1942,male,58.98
GBR_NIR,1943,female,62.27
GBR_NIR,1943,male,59.6
GBR_NIR,1944,female,63.51
GBR_NIR,1944,male,61.49
GBR_NIR,1945,female,64.22
GBR_NIR,1945,male,62.53
GBR_NIR,1946,female,65.23
GBR_NIR,1946,male,62.62
GBR_NIR,1947,female,65.62
GBR_NIR,1947,male,62.53
GBR_NIR,1948,female,67.9
GBR_NIR,1948,male,64.69
GBR_NIR,1949,female,67.91
GBR_NIR,1949,male,65.14
GBR_NIR,1950,female,68.63
GBR_NIR,1950,male,65.37
GBR_NIR,1951,female,67.72
GBR_NIR,1951,male,64.45
GBR_NIR,1952,female,70.34
GBR_NIR,1952,male,66.3
GBR_NIR,1953,female,70.65
GBR_NIR,1953,male,66.52
GBR_NIR,1954,female,70.99
GBR_NIR,1954,male,67.17
GBR_NIR,1955,female,70.83
GBR_NIR,1955,male,67.28
GBR_NIR,1956,female,71.84
GBR_NIR,1956,male,68.01
GBR_NIR,1957,female,71.77
GBR_NIR,1957,male,67.47
GBR_NIR,1958,female,72.39
GBR_NIR,1958,male,67.74
GBR_NIR,1959,female,72.05
GBR_NIR,1959,male,67.78
GBR_NIR,1960,female,72.24
GBR_NIR,1960,male,67.79
GBR_NIR,1961,female,72.59
GBR_NIR,1961,male,67.11
GBR_NIR,1962,female,72.81
GBR_NIR,1962,male,68.27
GBR_NIR,1963,female,72.55
GBR_NIR,1963,male,67.6
GBR_NIR,1964,female,73.35
GBR_NIR,1964,male,68.07
GBR_NIR,1965,female,73.39
GBR_NIR,1965,male,68.13
GBR_NIR,1966,female,72.93
GBR_NIR,1966,male,67.59
GBR_NIR,1967,female,74.37
GBR_NIR,1967,male,68.95
GBR_NIR,1968,female,73.48
GBR_NIR,1968,male,68.53
GBR_NIR,1969,female,73.62
GBR_NIR,1969,male,67.76
GBR_NIR,1970,female,73.67
GBR_NIR,1970,male,67.75
GBR_NIR,1971,female,74.27
GBR_NIR,1971,male,68.12
GBR_NIR,1972,female,73.7
GBR_NIR,1972,male,67.31
GBR_NIR,1973,female,73.4
GBR_NIR,1973,male,66.56
GBR_NIR,1974,female,74.01
GBR_NIR,1974,male,66.87
GBR_NIR,1975,female,74.32
GBR_NIR,1975,male,67.68
GBR_NIR,1976,female,74.02
GBR_NIR,1976,male,67.71
GBR_NIR,1977,female,74.54
GBR_NIR,1977,male,67.83
GBR_NIR,1978,female,75.14
GBR_NIR,1978,male,68.59
GBR_NIR,1979,female,75.1
GBR_NIR,1979,male,68.27
GBR_NIR,1980,female,75.2
GBR_NIR,1980,male,68.47
GBR_NIR,1981,female,75.78
GBR_NIR,1981,male,69.24
GBR_NIR,1982,female,75.62
GBR_NIR,1982,male,69.92
GBR_NIR,1983,female,76.29
GBR_NIR,1983,male,69.88
GBR_NIR,1984,female,76.76
GBR_NIR,1984,male,70.37
GBR_NIR,1985,female,76.69
GBR_NIR,1985,male,70.48
GBR_NIR,1986,female,76.93
GBR_NIR,1986,male,70.64
GBR_NIR,1987,female,77.43
GBR_NIR,1987,male,71.38
GBR_NIR,1988,female,77.17
GBR_NIR,1988,male,71.17
GBR_NIR,1989,female,77.64
GBR_NIR,1989,male,71.66
GBR_NIR,1990,female,77.77
GBR_NIR,1990,male,72.11
GBR_NIR,1991,female,78.28
GBR_NIR,1991,male,72.36
GBR_NIR,1992,female,78.74
GBR_NIR,1992,male,72.85
GBR_NIR,1993,female,78.21
GBR_NIR,1993,male,72.62
GBR_NIR,1994,female,78.68
GBR_NIR,1994,male,73.19
GBR_NIR,1995,female,78.66
GBR_NIR,1995,male,73.25
GBR_NIR,1996,female,79.14
GBR_NIR,1996,male,73.82
GBR_NIR,1997,female,79.41
GBR_NIR,1997,male,74.13
GBR_NIR,1998,female,79.67
GBR_NIR,1998,male,74.22
GBR_NIR,1999,female,79.15
GBR_NIR,1999,male,74.16
GBR_NIR,2000,female,79.79
GBR_NIR,2000,male,74.8
GBR_NIR,2001,female,80.34
GBR_NIR,2001,male,75.18
GBR_NIR,2002,female,80.28
GBR_NIR,2002,male,75.37
GBR_NIR,2003,female,80.62
GBR_NIR,2003,male,75.86
GBR_NIR,2004,female,80.72
GBR_NIR,2004,male,75.98
GBR_NIR,2005,female,81.14
GBR_NIR,2005,male,75.95
GBR_NIR,2006,female,81.05
GBR_NIR,2006,male,76.13
GBR_NIR,2007,female,81.35
GBR_NIR,2007,male,76.24
GBR_NIR,2008,female,81.15
GBR_NIR,2008,male,76.51
GBR_NIR,2009,female,81.39
GBR_NIR,2009,male,77.19
GBR_NIR,2010,female,81.67
GBR_NIR,2010,male,77.14
GBR_NIR,2011,female,82.37
GBR_NIR,2011,male,77.83
GBR_NIR,2012,female,82.23
GBR_NIR,2012,male,78.04
GBR_NIR,2013,female,82.23
GBR_NIR,2013,male,78.1
GBR_NIR,2014,female,82.37
GBR_NIR,2014,male,78.62
GBR_NIR,2015,female,82.22
GBR_NIR,2015,male,78.2
GBR_NIR,2016,female,82.25
GBR_NIR,2016,male,78.77
GBR_NIR,2017,female,82.44
GBR_NIR,2017,male,78.43
GBR_NIR,2018,female,82.48
GBR_NIR,2018,male,78.9
GBR_NIR,2019,female,82.77
GBR_NIR,2019,male,79.03
GBR_NIR,2020,female,82.03
GBR_NIR,2020,male,78.24
GBR_NIR,2021,female,82.08
GBR_NIR,2021,male,78.17
GBR_NIR,2022,female,82.72
GBR_NIR,2022,male,78.89
USA,1933,female,62.8
USA,1933,male,59.19
USA,1934,female,62.3
USA,1934,male,58.29
USA,1935,female,63.05
USA,1935,male,58.98
USA,1936,female,62.6
USA,1936,male,58.35
USA,1937,female,63.35
USA,1937,male,58.98
USA,1938,female,64.54
USA,1938,male,60.46
USA,1939,female,65.24
USA,1939,male,61.12
USA,1940,female,65.55
USA,1940,male,61.13
USA,1941,female,66.26
USA,1941,male,61.58
USA,1942,female,67.13
USA,1942,male,62.21
USA,1943,female,66.96
USA,1943,male,61.97
USA,1944,female,67.73
USA,1944,male,62.51
USA,1945,female,68.35
USA,1945,male,62.97
USA,1946,female,68.88
USA,1946,male,63.59
USA,1947,female,69.55
USA,1947,male,64.32
USA,1948,female,70.07
USA,1948,male,64.66
USA,1949,female,70.52
USA,1949,male,65.02
USA,1950,female,71.01
USA,1950,male,65.4
USA,1951,female,71.22
USA,1951,male,65.41
USA,1952,female,71.5
USA,1952,male,65.54
USA,1953,female,71.91
USA,1953,male,65.8
USA,1954,female,72.7
USA,1954,male,66.57
USA,1955,female,72.8
USA,1955,male,66.58
USA,1956,female,72.95
USA,1956,male,66.61
USA,1957,female,72.74
USA,1957,male,66.36
USA,1958,female,73
USA,1958,male,66.6
USA,1959,female,73.31
USA,1959,male,66.75
USA,1960,female,73.3
USA,1960,male,66.62
USA,1961,female,73.71
USA,1961,male,67.04
USA,1962,female,73.59
USA,1962,male,66.88
USA,1963,female,73.5
USA,1963,male,66.63
USA,1964,female,73.81
USA,1964,male,66.82
USA,1965,female,73.93
USA,1965,male,66.8
USA,1966,female,73.97
USA,1966,male,66.69
USA,1967,female,74.33
USA,1967,male,66.94
USA,1968,female,74.08
USA,1968,male,66.55
USA,1969,female,74.4
USA,1969,male,66.77
USA,1970,female,74.65
USA,1970,male,67.02
USA,1971,female,74.98
USA,1971,male,67.39
USA,1972,female,75.11
USA,1972,male,67.42
USA,1973,female,75.32
USA,1973,male,67.62
USA,1974,female,75.85
USA,1974,male,68.18
USA,1975,female,76.46
USA,1975,male,68.72
USA,1976,female,76.68
USA,1976,male,69.08
USA,1977,female,77.09
USA,1977,male,69.41
USA,1978,female,77.23
USA,1978,male,69.62
USA,1979,female,77.66
USA,1979,male,70.01
USA,1980,female,77.48
USA,1980,male,69.98
USA,1981,female,77.8
USA,1981,male,70.41
USA,1982,female,78.08
USA,1982,male,70.8
USA,1983,female,78.09
USA,1983,male,70.97
USA,1984,female,78.17
USA,1984,male,71.12
USA,1985,female,78.18
USA,1985,male,71.08
USA,1986,female,78.27
USA,1986,male,71.14
USA,1987,female,78.36
USA,1987,male,71.31
USA,1988,female,78.31
USA,1988,male,71.32
USA,1989,female,78.56
USA,1989,male,71.6
USA,1990,female,78.85
USA,1990,male,71.85
USA,1991,female,78.97
USA,1991,male,72.03
USA,1992,female,79.18
USA,1992,male,72.32
USA,1993,female,78.94
USA,1993,male,72.17
USA,1994,female,79.06
USA,1994,male,72.39
USA,1995,female,79.08
USA,1995,male,72.59
USA,1996,female,79.22
USA,1996,male,73.07
USA,1997,female,79.38
USA,1997,male,73.54
USA,1998,female,79.43
USA,1998,male,73.81
USA,1999,female,79.35
USA,1999,male,73.92
USA,2000,female,79.43
USA,2000,male,74.12
USA,2001,female,79.52
USA,2001,male,74.27
USA,2002,female,79.58
USA,2002,male,74.35
USA,2003,female,79.7
USA,2003,male,74.53
USA,2004,female,80.06
USA,2004,male,74.96
USA,2005,female,80.07
USA,2005,male,74.95
USA,2006,female,80.33
USA,2006,male,75.23
USA,2007,female,80.56
USA,2007,male,75.51
USA,2008,female,80.59
USA,2008,male,75.64
USA,2009,female,80.92
USA,2009,male,76.01
USA,2010,female,81.08
USA,2010,male,76.25
USA,2011,female,81.1
USA,2011,male,76.34
USA,2012,female,81.22
USA,2012,male,76.47
USA,2013,female,81.24
USA,2013,male,76.48
USA,2014,female,81.33
USA,2014,male,76.55
USA,2015,female,81.21
USA,2015,male,76.39
USA,2016,female,81.26
USA,2016,male,76.3
USA,2017,female,81.27
USA,2017,male,76.26
USA,2018,female,81.43
USA,2018,male,76.41
USA,2019,female,81.61
USA,2019,male,76.53
USA,2020,female,80.11
USA,2020,male,74.4
USA,2021,female,79.68
USA,2021,male,73.67
USA,2022,female,80.57
USA,2022,male,74.96
USA,2023,female,81.48
USA,2023,male,76.05
USA,2024,female,81.84
USA,2024,male,76.74
